,best_text_id,logit
0,1,36.65571975708008
1,1,32.26382827758789
2,0,32.11409378051758
3,4,31.827238082885742
4,0,34.014339447021484
5,1,32.955421447753906
6,0,36.254478454589844
7,3,39.523826599121094
8,1,33.678951263427734
9,4,32.909793853759766
10,4,30.884042739868164
11,1,27.82821273803711
12,2,34.679039001464844
13,0,35.53260040283203
14,2,32.933223724365234
15,2,36.09731674194336
16,4,34.295650482177734
17,2,26.599403381347656
18,3,35.76111602783203
19,3,29.655153274536133
20,2,38.989662170410156
21,2,37.838356018066406
22,0,33.385963439941406
23,0,31.94722557067871
24,4,33.25048828125
25,0,28.52821922302246
26,2,40.11201858520508
27,1,36.20060348510742
28,4,32.88684844970703
29,0,33.12940979003906
30,1,36.273582458496094
31,1,34.28204345703125
32,2,33.04208755493164
33,3,37.48100280761719
34,4,36.132667541503906
35,3,33.1392707824707
36,2,31.28681755065918
37,1,30.194313049316406
38,0,32.654483795166016
39,2,29.22433853149414
40,4,32.106590270996094
41,2,31.887853622436523
42,3,30.71417236328125
43,0,34.217655181884766
44,1,34.86471176147461
45,1,34.96186447143555
46,3,31.154584884643555
47,1,34.09677505493164
48,1,32.10374069213867
49,0,30.947229385375977
50,0,33.50473403930664
51,1,30.68301010131836
52,4,36.003379821777344
53,3,36.135887145996094
54,1,33.39026641845703
55,3,33.13140106201172
56,0,35.20433807373047
57,3,34.297767639160156
58,1,35.227352142333984
59,1,34.27284240722656
60,0,26.784801483154297
61,0,35.59305191040039
62,1,36.76317596435547
63,1,34.267662048339844
64,4,31.121662139892578
65,1,32.097686767578125
66,1,29.76487922668457
67,1,34.82917404174805
68,1,27.840736389160156
69,3,32.609825134277344
70,4,36.391014099121094
71,2,28.975570678710938
72,1,30.480682373046875
73,1,32.26911163330078
74,2,34.116371154785156
75,3,34.395442962646484
76,3,31.299198150634766
77,3,32.99972915649414
78,2,37.51520538330078
79,1,34.25128936767578
80,4,35.10561752319336
81,3,36.25420379638672
82,0,31.773269653320312
83,1,33.14636993408203
84,3,35.386573791503906
85,3,29.301971435546875
86,4,30.37261962890625
87,2,30.164968490600586
88,2,34.592071533203125
89,3,32.373287200927734
90,3,32.63303756713867
91,0,34.2011604309082
92,4,29.11199378967285
93,3,38.28789138793945
94,4,33.23387145996094
95,0,36.69053268432617
96,4,31.92414093017578
97,4,36.285579681396484
98,2,31.959613800048828
99,3,31.341501235961914
100,1,30.464481353759766
101,1,33.363929748535156
102,1,34.84811019897461
103,1,31.005111694335938
104,0,32.56541061401367
105,3,30.413555145263672
106,0,32.42774963378906
107,2,35.374881744384766
108,2,40.074806213378906
109,4,36.75961685180664
110,4,36.704368591308594
111,1,29.818557739257812
112,4,31.38612174987793
113,2,29.207969665527344
114,0,37.19566345214844
115,2,35.964073181152344
116,1,35.85072326660156
117,1,33.81311798095703
118,3,29.508399963378906
119,1,35.242862701416016
120,3,32.46201705932617
121,2,37.9388427734375
122,3,31.486732482910156
123,3,32.432159423828125
124,3,35.5062370300293
125,3,34.18916702270508
126,4,30.393386840820312
127,3,39.58314514160156
128,3,31.890941619873047
129,1,30.193880081176758
130,0,32.466896057128906
131,3,33.11005401611328
132,2,28.48387908935547
133,1,35.18699264526367
134,3,30.921262741088867
135,4,29.869239807128906
136,3,32.173583984375
137,0,35.108985900878906
138,1,36.31062316894531
139,3,34.57893371582031
140,4,29.68130111694336
141,2,31.592998504638672
142,2,40.54743194580078
143,4,37.62654495239258
144,4,37.2757682800293
145,2,34.384464263916016
146,2,36.7537727355957
147,4,34.20917892456055
148,3,30.730846405029297
149,0,33.695594787597656
150,1,34.006656646728516
151,1,29.11598014831543
152,0,32.48430633544922
153,3,32.398719787597656
154,0,32.96812057495117
155,3,36.558799743652344
156,4,34.92699432373047
157,2,30.68174171447754
158,1,33.05351638793945
159,0,36.36212158203125
160,1,40.37074661254883
161,2,34.30995559692383
162,3,30.586448669433594
163,3,32.57836151123047
164,3,33.37527084350586
165,4,35.88705062866211
166,1,32.33858871459961
167,1,30.310386657714844
168,1,32.88569641113281
169,4,34.809783935546875
170,0,32.71146774291992
171,4,33.256858825683594
172,0,34.3742790222168
173,3,35.1769905090332
174,0,36.45158386230469
175,1,32.36514663696289
176,3,31.604164123535156
177,4,33.832271575927734
178,2,35.86344528198242
179,2,37.61054229736328
180,3,38.42136764526367
181,4,35.21135330200195
182,1,29.82246208190918
183,1,40.06067657470703
184,3,24.6807804107666
185,1,32.43498992919922
186,0,32.191951751708984
187,2,37.41728210449219
188,2,35.45692443847656
189,0,33.53107452392578
190,2,29.57448959350586
191,2,27.704179763793945
192,1,34.126914978027344
193,4,34.36317443847656
194,2,32.410274505615234
195,1,29.176769256591797
196,3,30.179134368896484
197,2,31.830081939697266
198,4,33.00394821166992
199,0,30.386123657226562
200,2,31.31813621520996
201,4,34.692108154296875
202,3,36.801483154296875
203,4,29.095094680786133
204,2,29.722312927246094
205,2,36.1666374206543
206,1,34.67451858520508
207,3,36.614463806152344
208,0,34.46202850341797
209,4,32.517459869384766
210,4,36.974945068359375
211,0,33.4179801940918
212,3,31.287311553955078
213,1,34.705833435058594
214,3,33.11521911621094
215,3,34.7218132019043
216,4,32.74774169921875
217,4,33.414161682128906
218,2,36.915931701660156
219,2,33.67592239379883
220,1,30.811256408691406
221,3,34.27910232543945
222,0,33.39680862426758
223,2,31.224069595336914
224,1,29.079809188842773
225,0,31.374814987182617
226,3,31.76122283935547
227,2,35.5001335144043
228,1,32.93501281738281
229,3,34.257022857666016
230,3,34.420677185058594
231,1,29.442602157592773
232,4,39.36548614501953
233,2,32.78785705566406
234,1,37.736270904541016
235,4,31.12114906311035
236,0,34.69282531738281
237,2,36.69708251953125
238,1,32.1484489440918
239,1,34.03627395629883
240,4,37.033660888671875
241,2,37.665340423583984
242,4,39.726661682128906
243,0,29.63488006591797
244,1,30.69046401977539
245,4,32.055694580078125
246,3,36.01945495605469
247,2,31.349491119384766
248,4,36.988685607910156
249,2,36.40745162963867
250,4,33.87928771972656
251,0,31.551441192626953
252,1,32.67811965942383
253,1,35.851444244384766
254,1,33.88801956176758
255,4,29.632436752319336
256,2,31.960054397583008
257,1,33.32809066772461
258,3,35.5477409362793
259,3,30.85123634338379
260,2,30.627389907836914
261,1,32.12969207763672
262,0,31.47127342224121
263,4,30.994796752929688
264,1,30.522409439086914
265,2,35.21023178100586
266,1,31.596586227416992
267,0,36.51580810546875
268,3,33.68376922607422
269,3,37.470237731933594
270,2,35.0953483581543
271,3,41.21586990356445
272,1,27.125272750854492
273,0,31.136564254760742
274,3,31.800661087036133
275,1,34.11440658569336
276,2,39.214561462402344
277,2,37.28000259399414
278,4,31.56338882446289
279,1,32.43442153930664
280,3,30.532724380493164
281,2,34.058753967285156
282,3,36.44779968261719
283,2,30.595516204833984
284,3,34.58879470825195
285,4,31.061389923095703
286,1,32.1988639831543
287,4,32.963035583496094
288,1,36.24966812133789
289,1,28.43182945251465
290,2,34.506591796875
291,1,30.313602447509766
292,2,33.00447082519531
293,4,32.518131256103516
294,3,31.879981994628906
295,4,35.64373779296875
296,4,36.24524688720703
297,4,34.430702209472656
298,1,30.967357635498047
299,0,33.041717529296875
300,0,34.61909103393555
301,3,34.54874038696289
302,0,31.105255126953125
303,4,40.74907684326172
304,0,34.52593994140625
305,1,30.49871826171875
306,2,31.466569900512695
307,4,33.79621887207031
308,1,26.95440101623535
309,2,36.80537796020508
310,4,29.54607391357422
311,4,33.44377517700195
312,1,36.54109573364258
313,2,32.764373779296875
314,2,35.05265808105469
315,3,33.42652893066406
316,2,34.600440979003906
317,3,37.56266403198242
318,3,32.29777145385742
319,3,28.856138229370117
320,3,40.68256378173828
321,0,32.04990768432617
322,3,35.53360366821289
323,1,32.4957389831543
324,0,33.732444763183594
325,1,38.518951416015625
326,1,32.66435241699219
327,1,39.18535232543945
328,0,35.06922912597656
329,1,30.15367889404297
330,0,38.16518020629883
331,0,31.964263916015625
332,2,33.660377502441406
333,0,34.280906677246094
334,4,33.099666595458984
335,4,38.42823028564453
336,1,30.66335678100586
337,2,39.91936492919922
338,2,27.19900894165039
339,1,34.342044830322266
340,4,32.93178939819336
341,1,33.6561164855957
342,2,35.81874465942383
343,2,32.307769775390625
344,4,36.007110595703125
345,4,34.323036193847656
346,2,33.42677688598633
347,3,32.3754997253418
348,2,36.41984939575195
349,4,34.57725524902344
350,3,28.898841857910156
351,0,33.70485305786133
352,2,33.92272186279297
353,0,30.960018157958984
354,2,34.62521743774414
355,1,36.007965087890625
356,3,38.58685302734375
357,4,29.722244262695312
358,3,35.88532638549805
359,2,33.76858901977539
360,3,31.452396392822266
361,0,33.11543273925781
362,1,31.06730842590332
363,4,34.91333770751953
364,4,33.71357345581055
365,3,35.586395263671875
366,2,36.480464935302734
367,2,32.854984283447266
368,2,34.58655548095703
369,0,31.051546096801758
370,1,34.14208984375
371,0,34.51272964477539
372,4,30.395580291748047
373,1,35.39190673828125
374,2,31.883970260620117
375,2,32.6075439453125
376,2,31.083145141601562
377,2,30.99523162841797
378,4,30.096689224243164
379,0,35.8459358215332
380,2,35.03940963745117
381,1,30.941720962524414
382,1,31.159406661987305
383,0,31.531009674072266
384,3,32.359466552734375
385,4,32.90738296508789
386,4,32.45570755004883
387,1,32.4491081237793
388,4,35.07187271118164
389,4,32.061038970947266
390,2,32.146461486816406
391,2,34.9499626159668
392,2,30.654010772705078
393,4,35.118873596191406
394,3,30.485334396362305
395,4,32.24299240112305
396,1,30.98372459411621
397,1,33.5120964050293
398,2,34.31380844116211
399,4,36.44981384277344
400,1,28.614564895629883
401,2,27.280399322509766
402,4,33.14631652832031
403,1,32.25311279296875
404,3,27.139081954956055
405,4,31.9527587890625
406,2,31.958871841430664
407,2,33.477996826171875
408,0,35.60019302368164
409,4,40.05309295654297
410,0,32.700531005859375
411,3,32.74284744262695
412,1,35.68292999267578
413,3,38.00694274902344
414,3,32.324745178222656
415,2,28.18467903137207
416,4,29.92877960205078
417,4,38.799781799316406
418,2,30.944517135620117
419,4,34.31147003173828
420,1,28.203847885131836
421,4,33.58279037475586
422,3,32.43149948120117
423,4,34.54308319091797
424,0,31.659549713134766
425,0,32.77421951293945
426,0,31.88478660583496
427,2,32.64579772949219
428,2,41.757511138916016
429,2,34.026344299316406
430,2,33.31446838378906
431,0,36.83935546875
432,4,35.988243103027344
433,3,30.752840042114258
434,2,34.6846923828125
435,3,40.882328033447266
436,1,34.05949020385742
437,1,33.32224655151367
438,2,34.57721710205078
439,2,32.66730499267578
440,4,34.18912887573242
441,1,32.35364532470703
442,3,33.11163330078125
443,4,27.152559280395508
444,4,33.3194580078125
445,1,35.58573532104492
446,0,28.6072998046875
447,2,30.74427032470703
448,1,33.24346923828125
449,2,28.343740463256836
450,2,31.979366302490234
451,2,31.213394165039062
452,3,36.58790588378906
453,4,34.22371292114258
454,1,31.206829071044922
455,2,35.26995849609375
456,3,35.05652618408203
457,3,35.34148406982422
458,2,31.121334075927734
459,1,32.05516052246094
460,3,32.37714767456055
461,2,29.025739669799805
462,1,34.73659896850586
463,4,33.122257232666016
464,1,29.189720153808594
465,2,34.77287673950195
466,1,35.35786056518555
467,4,32.679962158203125
468,4,31.41051483154297
469,1,39.31740951538086
470,0,31.824687957763672
471,4,34.59209442138672
472,3,38.27271270751953
473,0,27.782743453979492
474,1,33.3297119140625
475,3,33.535255432128906
476,1,31.254430770874023
477,0,35.268638610839844
478,0,30.11703109741211
479,2,31.862905502319336
480,0,31.62849235534668
481,0,32.23778533935547
482,4,29.243206024169922
483,1,29.09162139892578
484,0,36.33406448364258
485,4,28.00397491455078
486,1,30.14988899230957
487,2,30.29585838317871
488,1,31.267637252807617
489,3,35.59446716308594
490,0,36.77949142456055
491,4,33.65433883666992
492,2,39.569576263427734
493,1,32.42570114135742
494,1,29.97903823852539
495,4,31.47256088256836
496,4,32.19786834716797
497,0,32.97994613647461
498,4,29.442155838012695
499,4,29.495197296142578
500,1,32.59747314453125
501,4,32.28239822387695
502,2,30.360708236694336
503,3,34.82817459106445
504,3,32.364501953125
505,0,35.93633270263672
506,2,33.95368194580078
507,4,35.47698974609375
508,2,32.0539665222168
509,0,33.802818298339844
510,1,33.75241470336914
511,2,34.08131790161133
512,3,34.850006103515625
513,0,36.17538070678711
514,0,31.821685791015625
515,4,34.35955810546875
516,1,31.36993408203125
517,3,31.84824562072754
518,3,34.57671356201172
519,0,32.50551986694336
520,1,32.81262969970703
521,2,34.75300216674805
522,3,31.674083709716797
523,4,34.86695861816406
524,3,36.30558395385742
525,3,31.96518325805664
526,1,31.05563735961914
527,0,32.70339584350586
528,2,32.6131706237793
529,2,32.021305084228516
530,4,33.63764190673828
531,1,33.91361999511719
532,1,30.242725372314453
533,1,32.47397994995117
534,2,29.972753524780273
535,2,32.07463455200195
536,2,34.491065979003906
537,3,28.944456100463867
538,0,32.71587371826172
539,1,33.02272033691406
540,4,32.74943161010742
541,4,37.24559783935547
542,1,35.27797317504883
543,0,34.966217041015625
544,3,32.9952278137207
545,4,37.90286636352539
546,0,28.3421573638916
547,2,37.197296142578125
548,1,35.422672271728516
549,4,36.29486083984375
550,4,36.58119583129883
551,1,37.92700958251953
552,0,36.707759857177734
553,3,35.38410568237305
554,0,35.03900909423828
555,0,30.71306037902832
556,0,29.738494873046875
557,3,35.660099029541016
558,4,33.79120635986328
559,0,30.71466636657715
560,3,36.212013244628906
561,1,36.01392364501953
562,1,34.28638458251953
563,4,27.76412582397461
564,0,35.292415618896484
565,4,32.518280029296875
566,3,29.792407989501953
567,1,34.607696533203125
568,3,30.745899200439453
569,0,31.89451026916504
570,4,35.35491943359375
571,3,38.20002746582031
572,1,38.586360931396484
573,2,33.81048583984375
574,0,37.09947204589844
575,0,32.50191116333008
576,3,31.630956649780273
577,3,33.06732940673828
578,1,30.620738983154297
579,1,34.57877731323242
580,0,35.14374923706055
581,2,37.768821716308594
582,1,38.00534439086914
583,2,31.76340675354004
584,3,35.2169075012207
585,0,35.34564208984375
586,1,31.121774673461914
587,1,32.774017333984375
588,2,33.62748336791992
589,3,35.29520797729492
590,1,32.31065368652344
591,3,29.22399139404297
592,0,40.52583694458008
593,1,32.47738265991211
594,1,31.96664810180664
595,2,30.670970916748047
596,4,35.92824935913086
597,3,32.219642639160156
598,1,31.90123748779297
599,0,32.66695022583008
600,0,35.083770751953125
601,3,33.97140121459961
602,2,35.67232131958008
603,2,33.737037658691406
604,3,35.111637115478516
605,1,35.0331916809082
606,0,31.628984451293945
607,1,35.784095764160156
608,2,32.00291061401367
609,0,36.548526763916016
610,4,32.711334228515625
611,4,32.04453659057617
612,2,31.58785057067871
613,1,31.2749080657959
614,4,36.905757904052734
615,3,33.97676086425781
616,1,31.283374786376953
617,0,34.16994094848633
618,0,35.75919723510742
619,0,29.17962646484375
620,4,31.664443969726562
621,1,29.34229278564453
622,1,29.173847198486328
623,1,33.4307746887207
624,0,36.32692337036133
625,0,39.4119987487793
626,1,33.67683410644531
627,2,34.22932434082031
628,0,26.683834075927734
629,4,34.04596710205078
630,2,32.39280700683594
631,4,33.985294342041016
632,0,31.03127098083496
633,3,38.31407165527344
634,3,29.9840087890625
635,2,33.6824951171875
636,1,33.56163024902344
637,4,31.521352767944336
638,3,36.13072204589844
639,3,32.3603515625
640,0,33.05722427368164
641,1,32.634071350097656
642,3,32.127784729003906
643,2,33.61464309692383
644,0,34.46739196777344
645,4,40.79147720336914
646,2,35.39574432373047
647,4,30.414194107055664
648,3,35.80445861816406
649,0,28.120243072509766
650,0,28.506044387817383
651,2,34.935646057128906
652,0,32.03147506713867
653,2,37.28602981567383
654,4,28.33492660522461
655,4,34.05288314819336
656,4,37.39511489868164
657,2,34.32444381713867
658,0,36.04207229614258
659,1,33.69998550415039
660,3,30.847497940063477
661,0,31.973102569580078
662,3,39.068973541259766
663,1,34.6740608215332
664,3,31.490737915039062
665,1,35.04019546508789
666,2,32.35946273803711
667,0,44.66914367675781
668,4,37.864383697509766
669,4,36.71128845214844
670,2,33.51585388183594
671,0,36.40999984741211
672,0,34.510520935058594
673,4,30.19394302368164
674,0,35.207889556884766
675,4,31.131059646606445
676,3,35.97296905517578
677,3,39.90663146972656
678,2,34.79502868652344
679,2,38.330142974853516
680,4,35.587913513183594
681,0,32.645408630371094
682,2,33.15524673461914
683,4,30.65239715576172
684,4,34.567447662353516
685,3,30.369550704956055
686,0,33.322505950927734
687,0,35.2131233215332
688,2,29.907306671142578
689,4,33.78909683227539
690,4,35.931297302246094
691,1,32.49863815307617
692,2,33.278656005859375
693,1,34.265045166015625
694,1,29.972991943359375
695,4,36.948307037353516
696,4,33.5745735168457
697,0,31.108644485473633
698,4,35.149532318115234
699,0,33.295753479003906
700,4,32.21160125732422
701,3,34.37022018432617
702,1,28.184349060058594
703,4,32.66001510620117
704,1,37.71185302734375
705,2,31.175596237182617
706,4,28.663814544677734
707,0,35.33879852294922
708,3,31.6458740234375
709,0,34.826499938964844
710,1,35.26221466064453
711,1,33.54867935180664
712,4,32.0549201965332
713,0,31.916961669921875
714,2,32.81982421875
715,3,32.97644805908203
716,2,35.06578063964844
717,2,32.36753463745117
718,0,26.65766716003418
719,4,31.26852798461914
720,0,36.63985061645508
721,2,31.440231323242188
722,2,32.63227844238281
723,1,29.66139030456543
724,4,30.88825035095215
725,4,35.01599884033203
726,4,32.63701248168945
727,4,38.8904914855957
728,3,26.749483108520508
729,2,27.951980590820312
730,3,33.21614456176758
731,1,36.31850051879883
732,2,34.334835052490234
733,0,31.23919677734375
734,5,33.218875885009766
735,0,36.05561447143555
736,4,33.9305419921875
737,3,32.269676208496094
738,3,30.806299209594727
739,0,33.0731086730957
740,3,34.655540466308594
741,4,34.245784759521484
742,2,32.518306732177734
743,0,36.33122253417969
744,2,33.80164337158203
745,0,32.2333869934082
746,0,28.250423431396484
747,2,37.06416320800781
748,4,31.724056243896484
749,0,36.10802459716797
750,0,31.275829315185547
751,0,32.88432693481445
752,0,29.268030166625977
753,1,33.36500930786133
754,3,32.702484130859375
755,3,30.87732696533203
756,0,34.4127197265625
757,2,39.869476318359375
758,4,34.18614196777344
759,2,30.73137664794922
760,3,32.10511016845703
761,2,30.459400177001953
762,3,32.3832893371582
763,2,36.507598876953125
764,3,28.66412925720215
765,4,34.58940887451172
766,4,30.708677291870117
767,2,35.186431884765625
768,1,28.63239860534668
769,2,30.986690521240234
770,0,31.482147216796875
771,4,32.144859313964844
772,1,37.9842414855957
773,3,29.77112579345703
774,0,34.57149124145508
775,4,36.482383728027344
776,1,33.86837387084961
777,3,36.89619827270508
778,3,34.7650146484375
779,1,28.04621696472168
780,2,37.34861755371094
781,3,32.967247009277344
782,4,31.335269927978516
783,1,30.941783905029297
784,0,34.888065338134766
785,2,33.6993408203125
786,3,31.52544403076172
787,0,33.97480392456055
788,3,34.66236114501953
789,0,31.071502685546875
790,3,32.63201904296875
791,1,31.863243103027344
792,4,38.50154495239258
793,4,34.626548767089844
794,4,35.389408111572266
795,1,32.231571197509766
796,0,40.92877197265625
797,1,33.408695220947266
798,4,35.675045013427734
799,4,33.42523956298828
800,4,33.27055358886719
801,1,33.613075256347656
802,4,31.87583351135254
803,0,29.984580993652344
804,1,35.03851318359375
805,3,36.31399154663086
806,2,33.423553466796875
807,2,37.03112030029297
808,0,37.44150161743164
809,2,36.6831169128418
810,0,35.86113739013672
811,3,28.301042556762695
812,3,39.17694854736328
813,4,32.08966064453125
814,3,31.571596145629883
815,1,32.35285949707031
816,4,36.598060607910156
817,0,31.24881935119629
818,0,37.830162048339844
819,4,36.17397689819336
820,1,31.694238662719727
821,0,29.0720157623291
822,4,39.194034576416016
823,2,36.24018096923828
824,3,29.99034309387207
825,4,36.08819580078125
826,1,28.09772491455078
827,3,32.85017395019531
828,1,34.46337127685547
829,2,36.02898025512695
830,1,36.885398864746094
831,3,37.08863830566406
832,0,31.177080154418945
833,1,30.998950958251953
834,0,32.503475189208984
835,0,35.045806884765625
836,1,36.392696380615234
837,4,33.52251052856445
838,2,29.334949493408203
839,1,32.883914947509766
840,2,32.774654388427734
841,2,33.80339050292969
842,3,28.903499603271484
843,0,32.61590576171875
844,3,39.260379791259766
845,1,32.906681060791016
846,1,30.029216766357422
847,2,32.828407287597656
848,4,33.0708122253418
849,0,32.389156341552734
850,2,30.48777961730957
851,1,34.53123092651367
852,2,31.931232452392578
853,0,29.60081672668457
854,2,31.03397560119629
855,2,30.143312454223633
856,1,30.716463088989258
857,1,31.877304077148438
858,2,33.813228607177734
859,3,32.8737907409668
860,0,34.410484313964844
861,3,34.13262176513672
862,2,38.282508850097656
863,0,33.84410858154297
864,3,32.37654495239258
865,0,33.65596389770508
866,4,37.061614990234375
867,2,39.77418518066406
868,3,31.60683822631836
869,1,31.375652313232422
870,3,29.661500930786133
871,2,36.256282806396484
872,3,36.13627243041992
873,3,37.6973991394043
874,0,38.23257827758789
875,1,33.51917266845703
876,2,27.087635040283203
877,1,28.30503273010254
878,3,29.576515197753906
879,3,33.30592727661133
880,1,36.5888557434082
881,0,28.30762481689453
882,4,32.40338897705078
883,1,33.87335968017578
884,2,36.49579620361328
885,2,32.349430084228516
886,4,31.57278823852539
887,0,31.037824630737305
888,3,36.66282653808594
889,1,32.8502311706543
890,3,32.11527633666992
891,1,36.94809341430664
892,2,32.04071044921875
893,4,33.40843200683594
894,1,29.064729690551758
895,2,31.564443588256836
896,1,30.566852569580078
897,4,30.85026741027832
898,4,31.378009796142578
899,2,40.80206298828125
900,1,37.01898956298828
901,1,33.797637939453125
902,0,35.96356964111328
903,2,33.20576477050781
904,4,30.71233558654785
905,0,31.471208572387695
906,1,29.429096221923828
907,1,33.913021087646484
908,0,33.21015167236328
909,3,37.92791748046875
910,3,35.52766036987305
911,2,32.20482635498047
912,1,36.30720138549805
913,4,35.987144470214844
914,4,29.27417755126953
915,2,32.38777160644531
916,1,28.723669052124023
917,2,34.231773376464844
918,3,33.45402908325195
919,1,30.414020538330078
920,1,33.51237106323242
921,4,30.863916397094727
922,2,34.45814514160156
923,1,35.50306701660156
924,1,35.54835510253906
925,4,34.92703628540039
926,4,33.835697174072266
927,1,31.73280906677246
928,3,32.6072883605957
929,4,30.151527404785156
930,1,35.289920806884766
931,2,34.354530334472656
932,4,40.08436584472656
933,0,30.751344680786133
934,3,33.68859100341797
935,0,34.227020263671875
936,3,33.43073272705078
937,3,35.61414337158203
938,2,31.45436668395996
939,0,32.51728439331055
940,0,30.963117599487305
941,0,39.01334762573242
942,2,32.56078338623047
943,2,36.85032272338867
944,4,32.247215270996094
945,2,41.73544692993164
946,1,33.79287338256836
947,4,32.78006362915039
948,1,32.16065979003906
949,4,32.15039825439453
950,4,32.038700103759766
951,0,34.99767303466797
952,1,31.38367462158203
953,2,32.640018463134766
954,3,34.10493469238281
955,0,31.15896224975586
956,2,34.067081451416016
957,2,33.1253662109375
958,1,31.948345184326172
959,2,38.64918899536133
960,1,30.881959915161133
961,2,36.01442337036133
962,1,33.71523666381836
963,0,32.18079376220703
964,2,33.41950225830078
965,2,32.09542465209961
966,0,31.34763526916504
967,0,34.679298400878906
968,4,32.71156692504883
969,4,31.015789031982422
970,2,35.8140754699707
971,3,33.89357376098633
972,3,31.488231658935547
973,1,31.888607025146484
974,3,30.284122467041016
975,4,32.06172561645508
976,3,35.52129364013672
977,4,29.30967140197754
978,1,33.149959564208984
979,1,32.29907989501953
980,2,34.84141540527344
981,0,38.066280364990234
982,1,33.05709457397461
983,1,34.514686584472656
984,2,35.02753829956055
985,3,32.572696685791016
986,4,36.274715423583984
987,2,28.875423431396484
988,4,37.84308624267578
989,2,25.900983810424805
990,3,35.470726013183594
991,3,33.389137268066406
992,4,31.784910202026367
993,1,32.354393005371094
994,1,38.93366622924805
995,4,33.75481414794922
996,2,32.856353759765625
997,2,36.65734100341797
998,1,33.51860046386719
999,4,29.988574981689453
1000,4,35.930702209472656
1001,1,37.2734260559082
1002,0,26.852283477783203
1003,4,28.128061294555664
1004,4,31.695985794067383
1005,0,29.486434936523438
1006,0,33.33768844604492
1007,3,33.04789733886719
1008,3,38.6173210144043
1009,2,35.11454391479492
1010,2,36.74993896484375
1011,3,34.93556594848633
1012,2,30.912038803100586
1013,0,31.83838653564453
1014,3,29.950910568237305
1015,2,32.217037200927734
1016,2,31.319852828979492
1017,3,33.80276107788086
1018,4,31.72781753540039
1019,1,37.00300598144531
1020,3,34.0311279296875
1021,0,37.45649719238281
1022,3,32.29370880126953
1023,1,35.302528381347656
1024,0,32.821624755859375
1025,1,34.34113693237305
1026,1,31.87784194946289
1027,1,32.169776916503906
1028,0,29.806100845336914
1029,1,34.86393356323242
1030,2,37.29605484008789
1031,2,30.336915969848633
1032,4,36.246437072753906
1033,1,32.385101318359375
1034,2,35.649757385253906
1035,4,30.346294403076172
1036,2,27.8830623626709
1037,2,35.68386459350586
1038,1,31.25220489501953
1039,4,35.71157455444336
1040,3,35.224056243896484
1041,3,33.38206481933594
1042,1,27.96403694152832
1043,1,29.485979080200195
1044,1,35.850059509277344
1045,1,31.41393280029297
1046,2,35.9483642578125
1047,3,35.087745666503906
1048,0,28.68292236328125
1049,2,35.27370834350586
1050,4,35.60794448852539
1051,2,30.37441635131836
1052,1,28.002742767333984
1053,3,29.833337783813477
1054,3,33.006126403808594
1055,3,35.64900207519531
1056,1,29.914230346679688
1057,2,35.38521957397461
1058,1,35.437931060791016
1059,0,32.337493896484375
1060,4,37.151344299316406
1061,0,36.432533264160156
1062,1,34.79764938354492
1063,2,30.186086654663086
1064,4,32.20815658569336
1065,3,34.63650894165039
1066,1,32.011539459228516
1067,2,33.959224700927734
1068,4,35.71278381347656
1069,0,32.78528594970703
1070,0,34.290401458740234
1071,3,31.936077117919922
1072,3,32.205074310302734
1073,0,31.377613067626953
1074,3,34.305545806884766
1075,0,32.8070182800293
1076,4,29.708566665649414
1077,2,34.444271087646484
1078,1,31.86897087097168
1079,4,34.3478889465332
1080,0,33.77597427368164
1081,3,36.76240158081055
1082,1,33.624847412109375
1083,4,35.16350555419922
1084,2,36.51648712158203
1085,4,36.57463836669922
1086,2,36.561946868896484
1087,1,34.17168426513672
1088,4,31.642494201660156
1089,0,32.02050018310547
1090,3,35.09868240356445
1091,0,33.4478759765625
1092,4,31.858455657958984
1093,0,31.125885009765625
1094,1,33.09025192260742
1095,0,37.48786163330078
1096,4,32.660945892333984
1097,4,31.429067611694336
1098,1,30.980682373046875
1099,0,39.367794036865234
1100,0,34.57514953613281
1101,0,32.663909912109375
1102,1,30.22391128540039
1103,0,27.714309692382812
1104,0,33.86747360229492
1105,2,32.9294548034668
1106,0,32.76446533203125
1107,4,33.751522064208984
1108,3,31.972694396972656
1109,4,38.84234619140625
1110,3,30.71046257019043
1111,4,33.4007682800293
1112,0,31.956392288208008
1113,4,34.41425704956055
1114,1,35.69279098510742
1115,1,33.332374572753906
1116,4,30.59518051147461
1117,4,28.23322105407715
1118,2,30.069103240966797
1119,4,39.83478927612305
1120,4,30.861562728881836
1121,2,30.559858322143555
1122,4,35.605770111083984
1123,4,33.5367431640625
1124,4,28.36403465270996
1125,2,36.22062683105469
1126,0,32.70049285888672
1127,3,36.35968017578125
1128,3,36.4237060546875
1129,2,31.73253631591797
1130,1,34.35572052001953
1131,0,34.435707092285156
1132,0,33.88014602661133
1133,3,32.78409957885742
1134,3,34.911285400390625
1135,4,33.440250396728516
1136,3,31.740495681762695
1137,1,33.243255615234375
1138,4,32.889549255371094
1139,4,31.474912643432617
1140,3,35.396522521972656
1141,0,32.52760314941406
1142,0,34.273643493652344
1143,2,35.7525634765625
1144,1,28.940954208374023
1145,3,30.738449096679688
1146,4,29.75550651550293
1147,2,28.97850799560547
1148,3,28.749370574951172
1149,1,30.625911712646484
1150,1,40.978206634521484
1151,2,34.08466720581055
1152,3,35.59406280517578
1153,1,42.377960205078125
1154,3,27.520742416381836
1155,3,31.981346130371094
1156,0,38.43134307861328
1157,3,32.46025848388672
1158,0,35.62812423706055
1159,0,30.69155502319336
1160,0,29.46031951904297
1161,3,32.05782699584961
1162,3,35.66791534423828
1163,0,35.33119583129883
1164,1,35.39314270019531
1165,2,34.08766174316406
1166,2,31.33658218383789
1167,2,32.21322250366211
1168,4,35.582427978515625
1169,1,32.08296203613281
1170,2,31.42351531982422
1171,4,28.921443939208984
1172,1,36.804832458496094
1173,4,34.53469467163086
1174,2,37.83613586425781
1175,0,28.83123207092285
1176,0,33.39864730834961
1177,0,36.15715789794922
1178,3,30.799888610839844
1179,0,30.633377075195312
1180,1,32.900909423828125
1181,2,30.403762817382812
1182,1,34.79267120361328
1183,2,32.160003662109375
1184,3,34.949615478515625
1185,4,31.835716247558594
1186,4,33.83017349243164
1187,3,29.95215606689453
1188,4,28.646045684814453
1189,4,35.48799133300781
1190,4,33.976234436035156
1191,0,31.526193618774414
1192,3,31.285629272460938
1193,2,31.930660247802734
1194,1,28.769636154174805
1195,3,34.12407302856445
1196,0,34.821380615234375
1197,1,30.603412628173828
1198,3,34.78534698486328
1199,0,33.39205551147461
1200,2,37.136714935302734
1201,1,27.539331436157227
1202,3,33.19710159301758
1203,1,33.147010803222656
1204,0,33.242122650146484
1205,1,36.624393463134766
1206,1,33.547401428222656
1207,3,37.16390609741211
1208,0,37.15867233276367
1209,4,32.57135772705078
1210,1,26.235761642456055
1211,4,32.532958984375
1212,2,36.16868591308594
1213,1,29.261932373046875
1214,4,31.624731063842773
1215,4,33.98030471801758
1216,1,33.55303955078125
1217,3,29.760784149169922
1218,1,34.43696212768555
1219,4,37.11565017700195
1220,3,34.50486373901367
1221,3,35.32627868652344
1222,4,36.46623992919922
1223,0,29.240449905395508
1224,2,33.19805145263672
1225,0,29.35021209716797
1226,4,33.88113021850586
1227,0,35.81307601928711
1228,1,32.0879020690918
1229,0,30.153318405151367
1230,1,38.37467575073242
1231,4,29.64206886291504
1232,4,36.02348709106445
1233,3,32.90253448486328
1234,3,32.352481842041016
1235,0,30.901172637939453
1236,4,35.317317962646484
1237,3,31.278568267822266
1238,0,35.6633415222168
1239,4,33.810508728027344
1240,0,34.08222198486328
1241,0,33.843505859375
1242,1,36.30138397216797
1243,2,36.72919464111328
1244,1,32.86186599731445
1245,3,28.546598434448242
1246,1,37.224609375
1247,3,36.55371856689453
1248,4,33.34688186645508
1249,4,35.14128494262695
1250,1,32.02919387817383
1251,3,31.245851516723633
1252,4,34.89802551269531
1253,0,33.11627197265625
1254,0,33.7913703918457
1255,3,38.158573150634766
1256,1,30.325851440429688
1257,3,34.20201110839844
1258,0,27.154441833496094
1259,2,33.09229278564453
1260,2,29.232189178466797
1261,1,32.82884216308594
1262,3,34.891075134277344
1263,3,31.025850296020508
1264,2,32.856163024902344
1265,2,33.959659576416016
1266,3,31.585460662841797
1267,1,34.51951599121094
1268,0,35.66194152832031
1269,1,31.774866104125977
1270,3,35.751869201660156
1271,1,31.393470764160156
1272,3,32.55328369140625
1273,1,35.00011444091797
1274,2,35.9569091796875
1275,4,31.496997833251953
1276,3,30.69409942626953
1277,4,32.37803649902344
1278,1,33.440025329589844
1279,1,32.0714225769043
1280,4,32.800880432128906
1281,3,33.44093704223633
1282,1,34.24576950073242
1283,3,34.035057067871094
1284,0,33.05147171020508
1285,4,31.761276245117188
1286,1,36.242340087890625
1287,4,36.58109664916992
1288,0,37.76450729370117
1289,1,33.668190002441406
1290,1,30.775394439697266
1291,3,38.39575958251953
1292,1,32.44978713989258
1293,4,35.200904846191406
1294,3,35.51982498168945
1295,4,31.713565826416016
1296,4,34.21149444580078
1297,3,30.700885772705078
1298,3,32.902923583984375
1299,0,31.339120864868164
1300,3,30.725177764892578
1301,3,36.12839126586914
1302,2,33.29609298706055
1303,4,34.75117111206055
1304,3,37.149776458740234
1305,3,32.621055603027344
1306,0,33.92804718017578
1307,3,36.74843978881836
1308,0,33.43865203857422
1309,0,33.36647033691406
1310,2,29.14362335205078
1311,0,34.12189483642578
1312,1,33.870635986328125
1313,1,33.815338134765625
1314,1,30.911365509033203
1315,4,32.21830368041992
1316,3,32.00910186767578
1317,0,37.15869140625
1318,2,32.71192169189453
1319,1,33.472755432128906
1320,2,33.01557159423828
1321,3,35.05595779418945
1322,3,31.569072723388672
1323,2,31.928640365600586
1324,1,35.293121337890625
1325,4,32.542999267578125
1326,3,28.037294387817383
1327,1,34.81026840209961
1328,3,41.565673828125
1329,2,31.447420120239258
1330,0,35.57643127441406
1331,4,34.73255157470703
1332,1,33.684852600097656
1333,3,36.25751876831055
1334,0,30.295494079589844
1335,4,29.18158531188965
1336,4,29.08650016784668
1337,3,33.45397186279297
1338,1,28.771799087524414
1339,2,35.87528610229492
1340,1,26.658191680908203
1341,3,32.89209747314453
1342,0,32.269840240478516
1343,1,30.798683166503906
1344,0,30.279518127441406
1345,3,32.761077880859375
1346,3,33.95480728149414
1347,4,34.47761154174805
1348,4,34.042091369628906
1349,3,32.678253173828125
1350,0,28.10799217224121
1351,2,33.1017951965332
1352,0,34.26311111450195
1353,4,33.065147399902344
1354,4,35.4867057800293
1355,0,33.925193786621094
1356,4,32.7862548828125
1357,2,38.67269515991211
1358,4,35.668399810791016
1359,0,35.23012161254883
1360,0,33.5970344543457
1361,2,33.33746337890625
1362,4,29.965871810913086
1363,3,27.884647369384766
1364,3,36.10893630981445
1365,0,32.547481536865234
1366,3,37.612064361572266
1367,2,31.21515464782715
1368,0,29.211097717285156
1369,0,28.765573501586914
1370,3,31.78078842163086
1371,3,34.66325378417969
1372,2,35.49011993408203
1373,2,35.0997428894043
1374,0,30.232990264892578
1375,2,29.16559600830078
1376,0,34.44978713989258
1377,4,33.856773376464844
1378,3,31.28697967529297
1379,3,30.778270721435547
1380,0,28.52705192565918
1381,3,32.59239196777344
1382,4,34.61769485473633
1383,1,30.83663558959961
1384,3,30.00693702697754
1385,2,32.59438705444336
1386,4,32.847049713134766
1387,1,33.863487243652344
1388,2,37.054447174072266
1389,3,32.13814163208008
1390,3,33.34556579589844
1391,0,29.421571731567383
1392,0,36.10101318359375
1393,3,34.9780158996582
1394,1,40.52461624145508
1395,1,36.67386245727539
1396,3,36.407833099365234
1397,0,28.968265533447266
1398,0,34.40094757080078
1399,4,32.76665496826172
1400,2,31.87529754638672
1401,2,33.98915100097656
1402,3,36.229286193847656
1403,0,29.94394874572754
1404,4,27.60947036743164
1405,0,38.50263214111328
1406,0,33.003719329833984
1407,3,29.437646865844727
1408,1,40.365478515625
1409,2,31.77461051940918
1410,3,32.619346618652344
1411,4,34.390625
1412,0,34.230445861816406
1413,3,35.63465881347656
1414,4,35.62054443359375
1415,1,33.04442596435547
1416,3,35.386627197265625
1417,1,34.32844161987305
1418,2,36.252506256103516
1419,3,37.27484130859375
1420,4,30.831378936767578
1421,0,31.50528335571289
1422,1,31.579994201660156
1423,2,34.82550811767578
1424,0,35.61115264892578
1425,3,31.02166748046875
1426,3,33.12612533569336
1427,0,29.634431838989258
1428,2,34.328304290771484
1429,2,30.398468017578125
1430,1,33.540653228759766
1431,4,34.803619384765625
1432,2,36.97682189941406
1433,0,26.918066024780273
1434,4,36.607025146484375
1435,4,35.307796478271484
1436,0,30.90043067932129
1437,1,29.645830154418945
1438,3,35.1534538269043
1439,4,33.26469802856445
1440,4,32.06532669067383
1441,3,30.342111587524414
1442,0,35.01717758178711
1443,3,33.646488189697266
1444,1,35.48003005981445
1445,3,37.726871490478516
1446,1,31.36751365661621
1447,0,35.55754852294922
1448,2,36.70734405517578
1449,0,38.230831146240234
1450,3,30.678112030029297
1451,4,31.016460418701172
1452,2,29.494508743286133
1453,2,37.77252197265625
1454,2,39.51868438720703
1455,0,32.40861129760742
1456,3,33.89920425415039
1457,4,35.582427978515625
1458,2,34.8693733215332
1459,2,33.589569091796875
1460,1,33.458580017089844
1461,4,29.180749893188477
1462,4,36.08266830444336
1463,1,37.01254653930664
1464,3,33.517723083496094
1465,4,36.06017303466797
1466,3,32.07072448730469
1467,1,36.179508209228516
1468,3,34.089900970458984
1469,3,35.16383743286133
1470,0,30.999895095825195
1471,2,36.79384231567383
1472,0,35.380470275878906
1473,1,33.02532196044922
1474,4,29.45881462097168
1475,2,34.94694519042969
1476,4,32.54658126831055
1477,4,29.28870964050293
1478,2,32.81400680541992
1479,3,34.81828689575195
1480,2,30.809024810791016
1481,3,29.909832000732422
1482,4,33.10275650024414
1483,0,31.264766693115234
1484,2,36.21393585205078
1485,3,34.254913330078125
1486,3,35.952301025390625
1487,0,32.89204406738281
1488,3,32.67945861816406
1489,2,34.293643951416016
1490,2,28.56505584716797
1491,3,31.985595703125
1492,3,32.51773452758789
1493,0,28.078920364379883
1494,3,35.507301330566406
1495,2,27.409114837646484
1496,1,37.496795654296875
1497,3,32.930747985839844
1498,0,34.31215286254883
1499,2,33.35709762573242
1500,0,33.42206954956055
1501,1,38.51646423339844
1502,2,33.31251907348633
1503,4,39.180259704589844
1504,3,35.58805847167969
1505,3,31.935197830200195
1506,1,36.87103271484375
1507,1,32.91886901855469
1508,1,33.340065002441406
1509,3,36.481876373291016
1510,1,33.328216552734375
1511,3,30.330886840820312
1512,1,28.314083099365234
1513,3,31.021696090698242
1514,1,37.702552795410156
1515,3,35.379661560058594
1516,0,31.982845306396484
1517,4,29.913429260253906
1518,0,31.03217124938965
1519,2,38.3158073425293
1520,2,37.65456008911133
1521,2,28.909921646118164
1522,1,34.46741485595703
1523,3,33.037437438964844
1524,0,37.628326416015625
1525,1,30.681880950927734
1526,0,35.742942810058594
1527,3,28.54934310913086
1528,1,33.33010482788086
1529,1,35.20944595336914
1530,2,34.027626037597656
1531,4,30.265432357788086
1532,3,33.254493713378906
1533,3,32.10512161254883
1534,4,32.008060455322266
1535,3,31.24932098388672
1536,3,35.577239990234375
1537,4,35.60364532470703
1538,2,34.11625671386719
1539,1,38.21230697631836
1540,4,37.61367416381836
1541,3,34.9752082824707
1542,2,29.801342010498047
1543,2,32.39703369140625
1544,0,37.815284729003906
1545,2,36.344482421875
1546,3,32.56596374511719
1547,2,36.74683380126953
1548,1,32.355777740478516
1549,1,30.16598129272461
1550,2,31.278059005737305
1551,3,31.9705753326416
1552,1,36.50883483886719
1553,1,30.793899536132812
1554,2,34.691585540771484
1555,2,33.558082580566406
1556,4,28.754535675048828
1557,0,40.45732879638672
1558,3,28.177810668945312
1559,0,32.89236068725586
1560,1,33.22159957885742
1561,2,37.34498596191406
1562,1,33.303184509277344
1563,3,32.334068298339844
1564,1,32.235252380371094
1565,0,34.11506271362305
1566,1,32.48388671875
1567,3,27.873626708984375
1568,2,32.630592346191406
1569,1,32.93666076660156
1570,4,33.952178955078125
1571,3,33.93744659423828
1572,2,30.85084342956543
1573,2,35.46625518798828
1574,3,31.16219711303711
1575,4,34.36948776245117
1576,2,31.014698028564453
1577,2,32.235389709472656
1578,0,32.433563232421875
1579,3,35.94330596923828
1580,4,33.862937927246094
1581,0,34.9218635559082
1582,0,31.800678253173828
1583,3,27.946868896484375
1584,0,41.16914749145508
1585,1,38.07432556152344
1586,1,30.61874008178711
1587,1,29.939889907836914
1588,0,37.841461181640625
1589,1,32.474239349365234
1590,4,32.88730239868164
1591,0,36.097137451171875
1592,3,32.69424057006836
1593,2,35.92763137817383
1594,1,31.048627853393555
1595,1,36.81761169433594
1596,1,29.363658905029297
1597,0,31.96929359436035
1598,2,31.94841766357422
1599,3,34.682655334472656
1600,4,30.31407928466797
1601,3,35.785160064697266
1602,1,32.53410339355469
1603,2,30.25736427307129
1604,3,32.40231704711914
1605,0,34.10383605957031
1606,3,32.60871887207031
1607,1,32.34599304199219
1608,1,32.33396530151367
1609,0,31.582557678222656
1610,3,31.61421775817871
1611,4,32.71992492675781
1612,0,38.78289031982422
1613,4,37.14200973510742
1614,4,32.261966705322266
1615,4,40.98894119262695
1616,4,35.841251373291016
1617,0,30.955821990966797
1618,2,35.43876647949219
1619,1,34.044551849365234
1620,1,36.58729934692383
1621,4,32.97788619995117
1622,3,28.696996688842773
1623,1,32.964115142822266
1624,1,26.10996437072754
1625,4,33.35554885864258
1626,3,35.463478088378906
1627,2,32.975345611572266
1628,0,33.419532775878906
1629,4,31.71332550048828
1630,2,32.0584602355957
1631,4,36.84264373779297
1632,0,31.2342529296875
1633,3,31.200937271118164
1634,1,34.40953826904297
1635,2,27.671680450439453
1636,0,34.48318099975586
1637,0,32.359066009521484
1638,1,31.555553436279297
1639,4,38.33907699584961
1640,0,26.933231353759766
1641,0,33.084468841552734
1642,0,35.11038589477539
1643,4,36.28300857543945
1644,3,32.61640930175781
1645,2,37.10670852661133
1646,3,31.24207305908203
1647,2,40.13056564331055
1648,2,33.31486129760742
1649,2,35.60746383666992
1650,2,30.357196807861328
1651,2,31.91065788269043
1652,4,36.37685012817383
1653,0,33.58091354370117
1654,4,37.74258041381836
1655,0,30.710390090942383
1656,4,30.77804183959961
1657,2,33.73634719848633
1658,1,36.0267448425293
1659,1,30.884733200073242
1660,4,35.333518981933594
1661,3,33.71268081665039
1662,0,26.261632919311523
1663,1,28.160253524780273
1664,0,35.93185806274414
1665,1,32.32221603393555
1666,0,29.69333267211914
1667,0,32.340518951416016
1668,3,32.189430236816406
1669,3,35.55391311645508
1670,0,29.60980796813965
1671,1,28.929779052734375
1672,2,32.41656494140625
1673,3,35.351409912109375
1674,4,34.5115852355957
1675,4,32.744590759277344
1676,4,31.129968643188477
1677,1,38.004554748535156
1678,2,33.0042610168457
1679,4,34.358642578125
1680,1,33.84086990356445
1681,1,32.54595947265625
1682,4,37.78010177612305
1683,0,33.82155227661133
1684,4,32.672210693359375
1685,4,37.679039001464844
1686,3,34.2247428894043
1687,3,36.713836669921875
1688,2,34.054901123046875
1689,4,31.374286651611328
1690,2,33.94623565673828
1691,0,31.754037857055664
1692,0,33.12595748901367
1693,4,31.14113426208496
1694,0,27.173938751220703
1695,4,33.71412658691406
1696,2,34.733619689941406
1697,1,32.4537467956543
1698,1,34.65037155151367
1699,4,32.34767150878906
1700,2,36.938961029052734
1701,0,36.31736755371094
1702,3,30.64512062072754
1703,4,32.99067306518555
1704,4,33.32536697387695
1705,1,36.44317626953125
1706,4,33.62882614135742
1707,3,32.02799606323242
1708,0,30.932018280029297
1709,2,34.85972213745117
1710,2,35.13468933105469
1711,4,34.58824920654297
1712,2,32.82256317138672
1713,4,30.71799659729004
1714,4,33.63976287841797
1715,2,32.455421447753906
1716,0,34.07627868652344
1717,3,35.24536895751953
1718,2,34.528892517089844
1719,1,33.84730529785156
1720,3,32.16242218017578
1721,2,30.85923194885254
1722,2,30.36898422241211
1723,0,33.623878479003906
1724,4,30.480846405029297
1725,2,31.380090713500977
1726,1,30.187517166137695
1727,2,33.63009262084961
1728,2,32.89067077636719
1729,1,30.775264739990234
1730,0,33.41758728027344
1731,4,37.4835205078125
1732,0,31.96226692199707
1733,1,32.079627990722656
1734,0,33.65592956542969
1735,0,33.075645446777344
1736,2,33.433677673339844
1737,3,35.14539337158203
1738,0,35.77878952026367
1739,4,39.8875846862793
1740,1,34.03045654296875
1741,3,30.763444900512695
1742,2,37.094886779785156
1743,4,31.30400848388672
1744,4,37.7624397277832
1745,4,34.758644104003906
1746,3,35.304988861083984
1747,4,35.63340759277344
1748,0,31.437686920166016
1749,3,29.626789093017578
1750,2,36.35493087768555
1751,0,31.286090850830078
1752,0,34.0560302734375
1753,1,34.34188461303711
1754,0,34.22066879272461
1755,1,35.75553894042969
1756,0,34.812400817871094
1757,3,33.40412139892578
1758,4,37.27417755126953
1759,4,32.44529342651367
1760,3,33.488548278808594
1761,3,32.3779182434082
1762,0,35.6156005859375
1763,4,31.38036346435547
1764,0,33.02249526977539
1765,4,34.49589920043945
1766,2,39.679386138916016
1767,3,30.92535400390625
1768,1,30.905717849731445
1769,0,32.27877426147461
1770,4,33.71659851074219
1771,4,29.586706161499023
1772,4,31.412145614624023
1773,4,31.52655601501465
1774,3,35.996315002441406
1775,4,33.762176513671875
1776,0,30.718528747558594
1777,3,34.451263427734375
1778,1,34.6089973449707
1779,1,33.074249267578125
1780,3,30.437049865722656
1781,4,38.656898498535156
1782,1,29.645109176635742
1783,0,38.36524200439453
1784,1,34.13799285888672
1785,1,29.94501304626465
1786,0,33.71999740600586
1787,2,33.910240173339844
1788,1,29.098705291748047
1789,1,31.134933471679688
1790,3,37.108890533447266
1791,0,33.44313430786133
1792,1,36.6414794921875
1793,1,32.239524841308594
1794,1,36.370338439941406
1795,0,31.632173538208008
1796,2,37.42026138305664
1797,0,40.48759460449219
1798,1,33.02696228027344
1799,1,32.77488708496094
1800,3,36.126773834228516
1801,2,33.01017379760742
1802,0,33.628700256347656
1803,0,34.446800231933594
1804,4,33.31895065307617
1805,1,31.91731834411621
1806,1,33.99217224121094
1807,1,31.60609245300293
1808,4,34.66114044189453
1809,2,34.83066940307617
1810,3,31.444791793823242
1811,4,29.881549835205078
1812,3,37.52429962158203
1813,0,32.48283386230469
1814,4,30.35239601135254
1815,3,31.600311279296875
1816,2,34.88254165649414
1817,2,35.72930908203125
1818,2,29.751005172729492
1819,0,37.9356575012207
1820,1,37.55788803100586
1821,2,37.25150680541992
1822,2,30.97345733642578
1823,1,33.849613189697266
1824,3,31.788352966308594
1825,3,35.428001403808594
1826,3,34.241493225097656
1827,3,33.594913482666016
1828,2,34.33640670776367
1829,3,34.370460510253906
1830,4,34.7225456237793
1831,4,34.93508529663086
1832,4,33.10630416870117
1833,1,33.062042236328125
1834,4,31.583162307739258
1835,4,31.503963470458984
1836,2,30.672466278076172
1837,3,32.43111801147461
1838,3,31.409189224243164
1839,2,31.19919204711914
1840,1,33.884857177734375
1841,1,37.086612701416016
1842,4,30.19596290588379
1843,4,33.91846466064453
1844,2,36.66685104370117
1845,1,31.839080810546875
1846,1,32.57358932495117
1847,4,37.605369567871094
1848,0,33.11560821533203
1849,3,31.341949462890625
1850,0,36.32955551147461
1851,4,39.437477111816406
1852,0,35.83953857421875
1853,0,36.699092864990234
1854,1,34.61704635620117
1855,4,31.634014129638672
1856,4,33.54563903808594
1857,3,29.647695541381836
1858,4,35.695228576660156
1859,4,35.00067138671875
1860,0,34.76350784301758
1861,0,32.520118713378906
1862,3,28.637969970703125
1863,2,34.17449951171875
1864,3,30.940229415893555
1865,2,31.797813415527344
1866,4,33.58259963989258
1867,0,33.716304779052734
1868,3,28.37323570251465
1869,0,31.5789794921875
1870,0,34.4566535949707
1871,0,37.9307861328125
1872,3,30.506397247314453
1873,4,37.809112548828125
1874,0,31.00893783569336
1875,3,32.117698669433594
1876,3,34.87593078613281
1877,0,35.081478118896484
1878,2,37.88627624511719
1879,1,35.84777069091797
1880,4,35.45888137817383
1881,2,35.02458190917969
1882,1,34.439170837402344
1883,1,32.422306060791016
1884,0,34.93095779418945
1885,0,34.74885177612305
1886,2,31.652036666870117
1887,4,33.095829010009766
1888,0,35.830535888671875
1889,4,28.455665588378906
1890,4,28.72295379638672
1891,4,30.39451026916504
1892,1,33.15406036376953
1893,2,41.359561920166016
1894,4,32.51151657104492
1895,2,33.67110061645508
1896,1,33.86280059814453
1897,3,26.612632751464844
1898,1,36.728153228759766
1899,2,28.200712203979492
1900,0,33.971309661865234
1901,4,36.664642333984375
1902,0,31.799602508544922
1903,2,30.9361515045166
1904,3,31.913122177124023
1905,0,34.953800201416016
1906,0,34.314945220947266
1907,1,29.3885498046875
1908,1,35.066123962402344
1909,0,35.213035583496094
1910,1,33.1654052734375
1911,3,32.91316604614258
1912,2,34.73284912109375
1913,3,39.37021255493164
1914,3,32.513553619384766
1915,0,32.14165496826172
1916,3,31.375837326049805
1917,1,31.32241439819336
1918,4,33.62443923950195
1919,0,38.340904235839844
1920,2,33.639854431152344
1921,0,35.99455261230469
1922,0,38.8960075378418
1923,3,35.18070983886719
1924,1,32.2049674987793
1925,3,34.01132583618164
1926,1,34.57856750488281
1927,4,30.69957160949707
1928,3,27.97260856628418
1929,3,32.876609802246094
1930,1,31.981525421142578
1931,2,30.720102310180664
1932,2,25.469371795654297
1933,0,36.92916488647461
1934,3,34.761802673339844
1935,4,32.649330139160156
1936,1,30.191659927368164
1937,0,31.048948287963867
1938,1,36.39979553222656
1939,4,31.71360206604004
1940,2,32.616329193115234
1941,2,36.500244140625
1942,1,35.91147232055664
1943,1,32.05320739746094
1944,4,29.18236541748047
1945,1,36.22781753540039
1946,0,34.62688446044922
1947,2,32.814552307128906
1948,0,29.673635482788086
1949,2,31.139602661132812
1950,0,29.959880828857422
1951,4,30.789596557617188
1952,1,29.516204833984375
1953,4,32.80376052856445
1954,1,32.69584655761719
1955,2,35.57950210571289
1956,4,28.967788696289062
1957,3,41.11863327026367
1958,1,33.45988845825195
1959,1,33.832706451416016
1960,2,36.34711456298828
1961,3,35.7461051940918
1962,2,24.219289779663086
1963,3,35.30299377441406
1964,2,38.21504592895508
1965,0,33.45166015625
1966,2,31.133821487426758
1967,0,32.36857223510742
1968,4,28.02070426940918
1969,4,33.081607818603516
1970,0,35.448978424072266
1971,0,34.437347412109375
1972,1,30.55967140197754
1973,4,42.41923141479492
1974,0,31.007122039794922
1975,1,33.68537902832031
1976,4,33.69182205200195
1977,0,35.65473175048828
1978,0,33.098716735839844
1979,2,33.996036529541016
1980,3,34.63347625732422
1981,4,34.77946472167969
1982,3,27.319011688232422
1983,4,32.026344299316406
1984,3,32.137351989746094
1985,3,34.02620315551758
1986,2,32.91603469848633
1987,3,27.644697189331055
1988,4,34.40879821777344
1989,4,33.9522705078125
1990,3,33.40877151489258
1991,4,33.63019561767578
1992,4,33.39694595336914
1993,2,38.15224075317383
1994,2,34.214664459228516
1995,0,35.92591094970703
1996,3,29.790063858032227
1997,4,34.1246452331543
1998,4,31.824987411499023
1999,3,33.75187683105469
2000,1,38.40463638305664
2001,3,30.21908187866211
2002,0,28.818078994750977
2003,4,33.179588317871094
2004,0,31.24561309814453
2005,4,28.742603302001953
2006,3,36.27988052368164
2007,4,28.06483268737793
2008,2,32.54500961303711
2009,4,36.08631134033203
2010,2,34.487178802490234
2011,4,28.74210548400879
2012,0,33.768096923828125
2013,3,31.220678329467773
2014,4,36.84236526489258
2015,2,34.42815399169922
2016,2,29.914260864257812
2017,4,36.40538024902344
2018,1,33.23824691772461
2019,0,33.277591705322266
2020,2,30.82966423034668
2021,1,33.441226959228516
2022,2,31.687280654907227
2023,4,29.177764892578125
2024,1,31.626522064208984
2025,1,32.755157470703125
2026,1,33.253662109375
2027,2,32.22483444213867
2028,1,38.4986686706543
2029,3,31.730070114135742
2030,1,35.165767669677734
2031,0,33.5959587097168
2032,4,36.494998931884766
2033,4,30.30731964111328
2034,1,35.843353271484375
2035,2,27.708974838256836
2036,2,34.63600158691406
2037,0,32.3696403503418
2038,1,32.52650833129883
2039,0,31.213184356689453
2040,3,32.17619323730469
2041,4,32.54668045043945
2042,0,33.20376205444336
2043,0,37.36308670043945
2044,0,34.4428825378418
2045,3,40.39704132080078
2046,3,29.795413970947266
2047,1,35.74195098876953
2048,0,34.985870361328125
2049,3,28.927696228027344
2050,4,27.269607543945312
2051,0,31.412250518798828
2052,4,33.47319793701172
2053,1,33.7905158996582
2054,3,31.267911911010742
2055,0,35.39960861206055
2056,2,33.076942443847656
2057,4,32.47413635253906
2058,2,32.80698776245117
2059,2,31.686296463012695
2060,2,31.700172424316406
2061,0,34.76127243041992
2062,4,31.674299240112305
2063,1,34.03776931762695
2064,3,36.325809478759766
2065,3,32.8388671875
2066,4,33.613487243652344
2067,1,34.0510139465332
2068,2,29.703369140625
2069,0,28.0159854888916
2070,3,40.99607467651367
2071,3,36.37395477294922
2072,0,33.24265670776367
2073,1,28.943119049072266
2074,2,39.10883331298828
2075,2,33.50848388671875
2076,2,32.174957275390625
2077,3,36.35932922363281
2078,2,33.003273010253906
2079,3,37.69205093383789
2080,2,37.44770431518555
2081,1,35.72393798828125
2082,0,31.564620971679688
2083,4,32.97878646850586
2084,4,36.96414566040039
2085,1,36.57022476196289
2086,0,31.69565200805664
2087,3,35.634788513183594
2088,4,29.045061111450195
2089,2,37.932804107666016
2090,2,33.41588592529297
2091,3,31.88995361328125
2092,4,39.83934783935547
2093,2,36.765811920166016
2094,1,35.500885009765625
2095,3,28.79248809814453
2096,3,30.08611297607422
2097,1,34.383182525634766
2098,2,27.91388702392578
2099,1,32.96702194213867
2100,4,34.479618072509766
2101,3,36.3785400390625
2102,3,30.90888786315918
2103,3,31.30645179748535
2104,1,32.26268005371094
2105,0,33.76921463012695
2106,2,37.83045196533203
2107,0,33.5645751953125
2108,2,37.21254348754883
2109,2,33.78138732910156
2110,3,38.27060317993164
2111,4,32.77964401245117
2112,2,35.96029281616211
2113,3,32.99258041381836
2114,1,32.37957763671875
2115,2,30.436935424804688
2116,1,34.249210357666016
2117,2,33.639793395996094
2118,1,30.49728775024414
2119,3,29.391864776611328
2120,2,39.00777816772461
2121,0,31.369491577148438
2122,4,35.88058090209961
2123,1,30.346288681030273
2124,1,27.144336700439453
2125,1,31.260833740234375
2126,3,35.38810729980469
2127,4,35.59749221801758
2128,4,33.90554428100586
2129,4,34.052040100097656
2130,4,36.398380279541016
2131,2,36.3730354309082
2132,1,32.57658386230469
2133,4,35.197669982910156
2134,3,28.649869918823242
2135,3,36.65292739868164
2136,4,34.58267593383789
2137,0,31.31644058227539
2138,1,31.717327117919922
2139,1,32.55733871459961
2140,2,32.79163360595703
2141,4,26.985015869140625
2142,2,30.454620361328125
2143,0,35.53678512573242
2144,0,33.435516357421875
2145,1,31.81854820251465
2146,2,30.558156967163086
2147,0,34.269447326660156
2148,1,31.559112548828125
2149,3,36.22072219848633
2150,1,36.31306076049805
2151,1,32.84944152832031
2152,1,32.7072868347168
2153,3,32.064292907714844
2154,1,35.554622650146484
2155,2,36.93092346191406
2156,2,29.812055587768555
2157,1,31.797853469848633
2158,1,29.832462310791016
2159,3,27.022171020507812
2160,2,35.72358322143555
2161,3,34.77607727050781
2162,1,38.26828384399414
2163,3,36.065677642822266
2164,0,31.778270721435547
2165,2,32.663387298583984
2166,2,30.407533645629883
2167,1,27.22930908203125
2168,2,34.08134460449219
2169,0,33.979713439941406
2170,1,35.21748733520508
2171,4,31.48685646057129
2172,1,34.79745101928711
2173,4,31.39415168762207
2174,2,34.999473571777344
2175,2,30.937015533447266
2176,0,33.67164611816406
2177,3,33.79692840576172
2178,1,32.409671783447266
2179,2,34.57612991333008
2180,3,34.9947509765625
2181,2,37.07947540283203
2182,0,37.802730560302734
2183,0,34.948177337646484
2184,1,30.874568939208984
2185,0,33.01655578613281
2186,1,33.541297912597656
2187,2,34.877105712890625
2188,1,34.104591369628906
2189,1,35.46145248413086
2190,4,29.457157135009766
2191,0,28.899938583374023
2192,2,31.868488311767578
2193,1,32.384986877441406
2194,3,33.452003479003906
2195,4,29.9105167388916
2196,4,31.73307228088379
2197,4,31.94045639038086
2198,2,33.28475570678711
2199,3,34.13379669189453
2200,3,36.02278518676758
2201,3,34.86396026611328
2202,1,35.243385314941406
2203,0,33.38420867919922
2204,2,33.45048904418945
2205,3,33.72509002685547
2206,1,36.484867095947266
2207,3,38.04994201660156
2208,4,30.47879981994629
2209,3,33.70307159423828
2210,2,27.6586856842041
2211,1,31.830337524414062
2212,1,35.361412048339844
2213,1,32.21658706665039
2214,2,35.205299377441406
2215,1,35.2796745300293
2216,4,29.898696899414062
2217,4,29.606157302856445
2218,0,31.661334991455078
2219,2,35.72871398925781
2220,4,36.461971282958984
2221,3,35.02125549316406
2222,0,30.14446449279785
2223,1,31.539737701416016
2224,1,28.760957717895508
2225,2,35.44810104370117
2226,0,30.875185012817383
2227,0,30.96249771118164
2228,2,35.658756256103516
2229,2,32.495147705078125
2230,4,33.99807357788086
2231,2,33.600746154785156
2232,3,32.9647216796875
2233,1,34.41685104370117
2234,1,34.7890510559082
2235,3,33.67172622680664
2236,2,36.683067321777344
2237,3,33.46000671386719
2238,1,30.683691024780273
2239,0,33.51276397705078
2240,2,30.939069747924805
2241,4,30.32938575744629
2242,0,30.681476593017578
2243,0,31.400718688964844
2244,2,29.464763641357422
2245,1,27.297452926635742
2246,3,34.641502380371094
2247,2,32.40850067138672
2248,3,31.032651901245117
2249,1,36.66820526123047
2250,0,35.933692932128906
2251,2,31.56561851501465
2252,1,34.76443862915039
2253,1,29.904069900512695
2254,4,34.62244415283203
2255,0,30.43301010131836
2256,2,31.822629928588867
2257,4,28.872299194335938
2258,2,34.266414642333984
2259,1,36.373172760009766
2260,0,36.244903564453125
2261,3,34.154788970947266
2262,0,36.13396453857422
2263,4,30.65259552001953
2264,2,34.017356872558594
2265,3,28.964021682739258
2266,1,34.785335540771484
2267,2,31.78623390197754
2268,1,29.36128044128418
2269,4,36.12169647216797
2270,3,36.34872055053711
2271,1,32.43861389160156
2272,0,32.39935302734375
2273,4,34.64306640625
2274,1,30.412330627441406
2275,4,35.722835540771484
2276,0,37.08739471435547
2277,2,34.653133392333984
2278,2,41.486881256103516
2279,4,31.71908950805664
2280,1,31.936634063720703
2281,0,31.00782012939453
2282,0,33.025787353515625
2283,0,31.741783142089844
2284,4,35.67603302001953
2285,4,25.289079666137695
2286,3,31.516193389892578
2287,0,34.44173812866211
2288,4,27.10453224182129
2289,4,31.146696090698242
2290,2,35.193153381347656
2291,3,31.815967559814453
2292,1,34.122283935546875
2293,3,31.679826736450195
2294,1,29.220905303955078
2295,0,30.430280685424805
2296,3,35.22291946411133
2297,0,37.76632308959961
2298,3,29.62678337097168
2299,1,31.290307998657227
2300,3,31.726152420043945
2301,4,35.132774353027344
2302,4,31.906356811523438
2303,4,34.36371612548828
2304,4,32.00126647949219
2305,0,35.70745086669922
2306,0,30.624109268188477
2307,3,34.36823272705078
2308,3,32.19816589355469
2309,0,36.24954605102539
2310,1,37.4801139831543
2311,4,28.20626449584961
2312,4,32.20896911621094
2313,0,32.95146942138672
2314,0,31.34288787841797
2315,1,36.19883346557617
2316,1,32.637481689453125
2317,4,34.034873962402344
2318,2,32.32057571411133
2319,3,34.11256790161133
2320,3,34.1507682800293
2321,4,32.928035736083984
2322,0,27.5333309173584
2323,4,34.95792770385742
2324,0,32.555843353271484
2325,3,31.551206588745117
2326,2,31.79169273376465
2327,2,32.7642936706543
2328,2,31.387863159179688
2329,4,35.143035888671875
2330,2,36.38679885864258
2331,2,34.53770446777344
2332,1,34.76927185058594
2333,0,38.32461166381836
2334,1,36.39164733886719
2335,2,32.58964157104492
2336,3,35.76292419433594
2337,4,30.390029907226562
2338,3,31.211748123168945
2339,3,34.30842208862305
2340,0,40.869747161865234
2341,1,34.87763214111328
2342,2,34.62721252441406
2343,4,37.318111419677734
2344,4,32.98532485961914
2345,4,28.817256927490234
2346,0,35.32328796386719
2347,4,36.022605895996094
2348,0,35.0157470703125
2349,2,41.1463737487793
2350,3,35.964542388916016
2351,1,31.977548599243164
2352,0,28.40147590637207
2353,2,30.9639835357666
2354,3,32.07038497924805
2355,2,32.433258056640625
2356,0,37.697811126708984
2357,1,35.766239166259766
2358,2,33.66224670410156
2359,2,32.92354202270508
2360,0,31.681049346923828
2361,1,32.63421630859375
2362,2,31.311925888061523
2363,3,33.815589904785156
2364,0,32.197425842285156
2365,1,35.811546325683594
2366,0,32.77571487426758
2367,1,32.747989654541016
2368,3,33.94843673706055
2369,4,35.63604736328125
2370,2,36.20872116088867
2371,1,37.3643913269043
2372,3,31.921520233154297
2373,0,36.57001876831055
2374,3,34.01792907714844
2375,4,33.05485153198242
2376,1,32.85569381713867
2377,3,29.580589294433594
2378,1,33.32710266113281
2379,2,33.95197677612305
2380,4,31.544498443603516
2381,4,33.18806076049805
2382,1,29.544628143310547
2383,1,35.79125213623047
2384,4,29.296541213989258
2385,3,28.159591674804688
2386,3,28.348621368408203
2387,4,27.898723602294922
2388,4,34.1246337890625
2389,0,34.31993865966797
2390,0,34.40351486206055
2391,0,34.895668029785156
2392,3,33.115570068359375
2393,2,32.620094299316406
2394,1,34.23346710205078
2395,1,37.695716857910156
2396,2,30.71724510192871
2397,3,37.47806930541992
2398,3,32.447113037109375
2399,4,37.384193420410156
2400,1,32.745723724365234
2401,1,30.52796173095703
2402,2,34.04014587402344
2403,3,36.75518798828125
2404,0,31.921968460083008
2405,4,38.53446578979492
2406,0,31.59111976623535
2407,3,35.07499313354492
2408,0,39.032752990722656
2409,0,31.146526336669922
2410,1,33.99894714355469
2411,1,31.92987060546875
2412,2,36.9185905456543
2413,3,33.564453125
2414,0,31.578203201293945
2415,3,36.358978271484375
2416,0,31.8516788482666
2417,3,31.211626052856445
2418,1,31.437232971191406
2419,1,33.83905029296875
2420,4,27.633453369140625
2421,4,38.685420989990234
2422,1,35.57315444946289
2423,4,36.97031021118164
2424,2,32.23365783691406
2425,3,32.01750183105469
2426,0,32.58665084838867
2427,3,29.77676010131836
2428,2,32.81804275512695
2429,2,32.17313003540039
2430,3,30.234500885009766
2431,2,32.250030517578125
2432,1,33.014347076416016
2433,2,32.270450592041016
2434,1,32.73764419555664
2435,3,33.66710662841797
2436,2,32.69180679321289
2437,3,36.853126525878906
2438,1,34.375179290771484
2439,1,34.48423767089844
2440,4,28.327402114868164
2441,3,31.826278686523438
2442,1,33.20563507080078
2443,2,32.366580963134766
2444,3,37.42631912231445
2445,1,37.486976623535156
2446,1,36.37699508666992
2447,4,33.18679428100586
2448,0,34.594276428222656
2449,0,35.144405364990234
2450,0,38.545711517333984
2451,1,29.21636962890625
2452,4,29.1463623046875
2453,4,31.874364852905273
2454,2,30.005910873413086
2455,3,31.971633911132812
2456,2,32.03202438354492
2457,1,31.398603439331055
2458,4,31.00828742980957
2459,1,37.30775833129883
2460,3,36.07324981689453
2461,2,32.5229606628418
2462,1,37.23329544067383
2463,0,29.41077423095703
2464,1,34.991065979003906
2465,0,29.653295516967773
2466,3,33.5646858215332
2467,3,37.74340057373047
2468,4,36.022220611572266
2469,2,36.74613952636719
2470,1,31.584009170532227
2471,3,34.00251770019531
2472,0,31.483121871948242
2473,2,32.097564697265625
2474,1,34.567378997802734
2475,1,34.55540084838867
2476,4,30.423583984375
2477,2,34.33684539794922
2478,4,30.940128326416016
2479,2,29.166454315185547
2480,1,33.92222595214844
2481,2,33.113800048828125
2482,4,37.713932037353516
2483,4,29.935348510742188
2484,4,30.657684326171875
2485,3,32.62111282348633
2486,3,35.65353012084961
2487,2,33.986297607421875
2488,4,34.57080078125
2489,3,32.88022994995117
2490,0,26.758358001708984
2491,0,31.150527954101562
2492,0,29.436185836791992
2493,3,32.43590545654297
2494,2,26.65436553955078
2495,3,30.284536361694336
2496,1,27.990589141845703
2497,1,35.386470794677734
2498,4,33.336456298828125
2499,3,35.572044372558594
2500,2,28.6553955078125
2501,2,36.36427307128906
2502,1,33.76155471801758
2503,2,34.5732307434082
2504,1,28.734561920166016
2505,4,32.20569610595703
2506,4,36.06039810180664
2507,4,35.278564453125
2508,4,32.07093811035156
2509,2,29.89881706237793
2510,3,33.264034271240234
2511,4,34.882694244384766
2512,2,33.61008834838867
2513,0,31.781021118164062
2514,0,41.65306854248047
2515,2,37.895347595214844
2516,3,34.40799331665039
2517,3,31.631797790527344
2518,2,33.07048034667969
2519,2,31.499698638916016
2520,3,33.685428619384766
2521,1,31.713533401489258
2522,2,31.29378318786621
2523,1,31.617822647094727
2524,4,32.220458984375
2525,0,31.668418884277344
2526,2,34.007572174072266
2527,0,33.78513717651367
2528,4,36.87818145751953
2529,4,32.76551055908203
2530,1,33.63657760620117
2531,1,32.754974365234375
2532,3,36.127479553222656
2533,2,29.080692291259766
2534,2,29.050668716430664
2535,3,35.70136642456055
2536,0,35.646087646484375
2537,3,32.238407135009766
2538,2,32.4467887878418
2539,2,37.98414993286133
2540,3,31.403945922851562
2541,4,29.987356185913086
2542,1,33.916500091552734
2543,0,30.08612060546875
2544,2,38.20180130004883
2545,0,34.53065872192383
2546,3,35.69464111328125
2547,1,29.79874038696289
2548,0,29.948139190673828
2549,4,31.320438385009766
2550,4,30.378082275390625
2551,0,32.05008316040039
2552,2,31.83757972717285
2553,4,31.720008850097656
2554,0,31.030214309692383
2555,2,31.66871452331543
2556,0,37.8043212890625
2557,3,33.80735778808594
2558,0,34.62141418457031
2559,4,32.54133605957031
2560,0,30.808874130249023
2561,2,31.278823852539062
2562,1,32.20357131958008
2563,3,35.11639404296875
2564,1,34.420753479003906
2565,3,33.68048858642578
2566,2,34.14323806762695
2567,0,35.29181671142578
2568,4,32.98965072631836
2569,1,33.458595275878906
2570,4,38.767494201660156
2571,0,32.51530838012695
2572,1,37.984615325927734
2573,2,30.07379150390625
2574,0,32.25712966918945
2575,1,31.050098419189453
2576,4,32.820823669433594
2577,3,38.3551025390625
2578,4,29.86551856994629
2579,0,32.099239349365234
2580,1,30.24686622619629
2581,4,33.845863342285156
2582,1,34.49702835083008
2583,3,37.67607879638672
2584,3,31.549102783203125
2585,3,36.32547378540039
2586,2,32.790096282958984
2587,1,28.224515914916992
2588,4,34.21034622192383
2589,4,31.35663604736328
2590,1,35.73771667480469
2591,2,33.812095642089844
2592,1,37.54213333129883
2593,1,35.97716522216797
2594,4,32.86613082885742
2595,4,35.01778030395508
2596,1,34.4939079284668
2597,0,31.867780685424805
2598,3,32.48337936401367
2599,0,33.0219612121582
2600,1,30.25106430053711
2601,3,33.8023796081543
2602,2,28.6173095703125
2603,1,30.3378963470459
2604,3,33.8951416015625
2605,1,33.217002868652344
2606,3,35.696197509765625
2607,3,25.621444702148438
2608,0,34.277565002441406
2609,4,37.27777099609375
2610,1,26.51321792602539
2611,1,35.76511001586914
2612,2,29.105117797851562
2613,2,26.5958309173584
2614,0,30.67827796936035
2615,3,30.87713050842285
2616,4,30.91960334777832
2617,4,33.10205841064453
2618,2,30.81183433532715
2619,2,34.059261322021484
2620,2,33.66246032714844
2621,3,31.627105712890625
2622,3,33.83683776855469
2623,1,35.01271438598633
2624,4,36.439449310302734
2625,1,35.63170623779297
2626,0,32.72628402709961
2627,0,33.29336166381836
2628,1,33.53439712524414
2629,1,36.08619689941406
2630,4,34.774749755859375
2631,3,36.7341194152832
2632,1,32.80669021606445
2633,1,33.39192581176758
2634,0,31.801902770996094
2635,3,31.564313888549805
2636,3,35.476192474365234
2637,1,34.760318756103516
2638,0,40.606868743896484
2639,2,32.96039581298828
2640,3,36.90010452270508
2641,1,34.143917083740234
2642,0,31.194528579711914
2643,1,32.8873291015625
2644,3,40.32688903808594
2645,2,34.164161682128906
2646,0,32.894344329833984
2647,1,33.81563186645508
2648,0,31.878623962402344
2649,4,32.033817291259766
2650,0,33.84864807128906
2651,1,29.653470993041992
2652,1,31.467798233032227
2653,1,37.05100631713867
2654,3,27.518442153930664
2655,0,38.025821685791016
2656,3,32.10435485839844
2657,1,36.056243896484375
2658,1,32.39230728149414
2659,0,28.496070861816406
2660,1,33.27425765991211
2661,4,34.83971405029297
2662,1,32.781288146972656
2663,4,39.07154083251953
2664,0,33.33872985839844
2665,3,35.149513244628906
2666,4,33.272926330566406
2667,2,36.85287094116211
2668,4,32.184913635253906
2669,1,36.53165054321289
2670,3,30.016368865966797
2671,4,35.245704650878906
2672,0,28.50223731994629
2673,0,33.61840057373047
2674,3,39.345951080322266
2675,3,35.40151596069336
2676,1,34.51161193847656
2677,2,32.64208221435547
2678,4,25.328245162963867
2679,1,34.8812370300293
2680,0,36.8909797668457
2681,2,34.567962646484375
2682,0,38.76948547363281
2683,4,30.252573013305664
2684,3,35.995662689208984
2685,0,38.484474182128906
2686,1,36.57543182373047
2687,0,37.4963493347168
2688,1,31.918794631958008
2689,0,34.256507873535156
2690,2,35.921592712402344
2691,1,32.308807373046875
2692,0,35.31190490722656
2693,2,33.11061096191406
2694,2,35.12661361694336
2695,0,36.2916145324707
2696,1,28.093334197998047
2697,3,33.71978759765625
2698,2,29.103296279907227
2699,1,31.55131721496582
2700,4,35.843326568603516
2701,2,31.65185546875
2702,2,33.61227798461914
2703,3,35.28437805175781
2704,1,33.228538513183594
2705,0,33.03419494628906
2706,3,37.786712646484375
2707,1,36.391849517822266
2708,0,35.4632453918457
2709,2,37.88909149169922
2710,3,33.19705581665039
2711,3,32.84326934814453
2712,1,39.14421081542969
2713,3,37.67450714111328
2714,1,32.613494873046875
2715,2,38.34876251220703
2716,1,32.40643310546875
2717,1,31.0301513671875
2718,2,31.226911544799805
2719,3,34.470008850097656
2720,3,29.84832191467285
2721,4,37.82685852050781
2722,3,29.560348510742188
2723,4,36.77252197265625
2724,0,35.221622467041016
2725,1,33.490081787109375
2726,4,35.31586837768555
2727,4,37.37911605834961
2728,0,29.858783721923828
2729,2,38.76133728027344
2730,2,32.01417922973633
2731,1,39.860801696777344
2732,4,34.438087463378906
2733,3,37.68223571777344
2734,2,30.532264709472656
2735,1,28.88408088684082
2736,1,33.0457878112793
2737,3,31.592639923095703
2738,1,34.49272918701172
2739,4,31.39764404296875
2740,3,30.469953536987305
2741,0,38.11068344116211
2742,4,30.01651382446289
2743,0,38.49352264404297
2744,2,34.94905090332031
2745,3,35.980384826660156
2746,4,31.74049186706543
2747,3,33.93086242675781
2748,0,35.028682708740234
2749,1,29.47314453125
2750,3,37.75993347167969
2751,2,30.922836303710938
2752,1,36.30305099487305
2753,3,32.03881072998047
2754,2,34.3148307800293
2755,0,30.19607162475586
2756,1,32.750450134277344
2757,4,31.644634246826172
2758,4,31.748315811157227
2759,3,33.628440856933594
2760,0,31.029367446899414
2761,0,34.08856201171875
2762,4,32.259098052978516
2763,1,37.345481872558594
2764,0,29.906410217285156
2765,4,33.025943756103516
2766,4,31.990882873535156
2767,3,32.56195068359375
2768,1,33.190216064453125
2769,4,35.27613830566406
2770,1,30.481821060180664
2771,1,31.483644485473633
2772,0,30.113855361938477
2773,0,38.05514144897461
2774,4,36.82406997680664
2775,3,30.330001831054688
2776,1,31.78301429748535
2777,4,35.283206939697266
2778,3,33.46697235107422
2779,0,40.40399932861328
2780,1,32.00525665283203
2781,3,33.939422607421875
2782,1,31.718257904052734
2783,3,32.48098373413086
2784,4,30.315217971801758
2785,2,29.445106506347656
2786,4,30.845701217651367
2787,4,34.90945053100586
2788,3,35.13395690917969
2789,3,36.44426345825195
2790,0,31.47073745727539
2791,3,32.099273681640625
2792,0,32.252742767333984
2793,2,29.917964935302734
2794,0,32.73452377319336
2795,2,38.8692626953125
2796,3,33.0479621887207
2797,1,31.625709533691406
2798,0,33.59956359863281
2799,4,39.11613082885742
2800,0,34.6541862487793
2801,2,32.89960479736328
2802,2,32.31071090698242
2803,1,34.091487884521484
2804,0,34.82817459106445
2805,0,36.45568084716797
2806,2,34.48625946044922
2807,4,30.46068000793457
2808,0,31.3844051361084
2809,0,34.1089973449707
2810,0,37.9760627746582
2811,0,33.60999298095703
2812,3,25.48867416381836
2813,4,33.64659118652344
2814,4,30.67719268798828
2815,0,33.99125289916992
2816,0,36.80459976196289
2817,1,32.623817443847656
2818,1,29.826343536376953
2819,1,35.02463150024414
2820,4,34.889183044433594
2821,3,34.74101257324219
2822,0,37.27987289428711
2823,4,31.189579010009766
2824,0,30.30742073059082
2825,2,37.68870544433594
2826,1,31.230175018310547
2827,1,32.42176055908203
2828,3,32.70647430419922
2829,3,34.38951873779297
2830,2,31.996854782104492
2831,4,33.57921600341797
2832,0,34.35055923461914
2833,0,31.589487075805664
2834,3,34.22867202758789
2835,0,28.032434463500977
2836,0,34.392189025878906
2837,4,36.94859313964844
2838,2,29.729476928710938
2839,2,37.32767105102539
2840,0,32.683380126953125
2841,3,35.109657287597656
2842,0,31.8385066986084
2843,1,31.13434600830078
2844,5,38.381927490234375
2845,1,31.906089782714844
2846,2,31.405500411987305
2847,1,32.4589729309082
2848,1,35.26731872558594
2849,0,36.07676315307617
2850,1,32.50696563720703
2851,3,32.54301071166992
2852,3,31.74266815185547
2853,0,34.54019546508789
2854,2,33.47665023803711
2855,2,40.77683639526367
2856,2,30.18246841430664
2857,0,33.070281982421875
2858,1,32.213829040527344
2859,1,35.48223876953125
2860,2,34.5331916809082
2861,4,30.778738021850586
2862,3,31.894393920898438
2863,0,33.11431884765625
2864,2,36.87030792236328
2865,4,29.32541275024414
2866,0,28.978952407836914
2867,3,32.312049865722656
2868,1,35.1021842956543
2869,3,30.719650268554688
2870,1,33.8224983215332
2871,1,28.313232421875
2872,3,33.103294372558594
2873,3,32.26437759399414
2874,3,36.92681121826172
2875,0,38.095584869384766
2876,2,28.091175079345703
2877,0,35.739097595214844
2878,3,37.867897033691406
2879,4,32.14960861206055
2880,2,36.27137756347656
2881,4,33.71641159057617
2882,0,32.74088668823242
2883,0,40.74235916137695
2884,0,30.531539916992188
2885,4,34.83992385864258
2886,0,32.0764274597168
2887,4,29.57230567932129
2888,1,34.903968811035156
2889,3,36.040157318115234
2890,4,31.740184783935547
2891,0,33.12290954589844
2892,4,37.49696731567383
2893,2,32.207340240478516
2894,0,39.86988830566406
2895,3,33.731719970703125
2896,3,33.00373458862305
2897,4,30.823352813720703
2898,0,35.199520111083984
2899,1,33.4845085144043
2900,2,31.789457321166992
2901,0,33.470008850097656
2902,2,33.54472732543945
2903,2,33.73051071166992
2904,4,31.276330947875977
2905,3,32.935916900634766
2906,2,32.3690071105957
2907,1,27.168045043945312
2908,1,29.206504821777344
2909,3,34.77052307128906
2910,2,32.95920944213867
2911,4,30.471906661987305
2912,0,34.062992095947266
2913,4,32.4571533203125
2914,0,38.99581527709961
2915,1,32.610416412353516
2916,2,34.526084899902344
2917,2,32.04535675048828
2918,3,29.846921920776367
2919,1,36.03504180908203
2920,2,32.00740051269531
2921,1,32.5570068359375
2922,4,33.73239517211914
2923,1,37.34557342529297
2924,3,31.497188568115234
2925,1,38.25079345703125
2926,1,30.660140991210938
2927,1,35.89749526977539
2928,4,34.05135726928711
2929,3,27.982229232788086
2930,2,36.735267639160156
2931,0,32.23164367675781
2932,3,32.031063079833984
2933,1,34.86677551269531
2934,3,30.240076065063477
2935,2,31.537193298339844
2936,3,40.11643600463867
2937,4,32.51959991455078
2938,3,27.91890525817871
2939,3,30.387042999267578
2940,0,40.94565963745117
2941,0,29.464868545532227
2942,3,33.069061279296875
2943,1,35.751834869384766
2944,2,31.821489334106445
2945,4,31.901145935058594
2946,4,33.74934387207031
2947,4,38.3409538269043
2948,1,33.231590270996094
2949,1,32.47710418701172
2950,1,41.25133514404297
2951,2,30.137371063232422
2952,3,35.776432037353516
2953,3,35.96860885620117
2954,2,36.71894454956055
2955,3,34.10498809814453
2956,3,33.488441467285156
2957,3,39.902400970458984
2958,1,31.97205924987793
2959,3,37.74646759033203
2960,1,33.759437561035156
2961,3,37.903324127197266
2962,4,32.97270965576172
2963,1,31.534481048583984
2964,0,30.814552307128906
2965,0,34.77622604370117
2966,0,34.63793182373047
2967,2,33.83940887451172
2968,1,36.14237976074219
2969,2,41.14031219482422
2970,3,30.914878845214844
2971,4,32.897953033447266
2972,1,34.03231430053711
2973,2,36.638328552246094
2974,2,28.946775436401367
2975,2,32.442970275878906
2976,3,32.554229736328125
2977,1,33.19826889038086
2978,0,40.616275787353516
2979,2,31.356128692626953
2980,0,38.09245300292969
2981,1,32.02731704711914
2982,3,33.7766227722168
2983,4,28.216371536254883
2984,3,32.41573715209961
2985,0,33.020877838134766
2986,1,30.673030853271484
2987,2,35.83732223510742
2988,4,31.796539306640625
2989,0,37.03102111816406
2990,2,31.74816131591797
2991,2,36.399723052978516
2992,4,33.891929626464844
2993,3,34.001434326171875
2994,4,30.3409481048584
2995,1,35.45284652709961
2996,1,30.61463165283203
2997,2,32.065765380859375
2998,3,31.803071975708008
2999,0,33.228981018066406
3000,3,30.890914916992188
3001,2,32.13832473754883
3002,1,34.22831726074219
3003,4,33.60204315185547
3004,1,28.886920928955078
3005,4,30.873489379882812
3006,1,37.143890380859375
3007,4,35.43368148803711
3008,4,39.721107482910156
3009,3,30.939876556396484
3010,3,32.62287902832031
3011,2,34.20005798339844
3012,1,32.85624313354492
3013,4,38.021995544433594
3014,1,32.313045501708984
3015,4,36.01924514770508
3016,0,35.70037078857422
3017,0,33.923187255859375
3018,4,33.07780075073242
3019,4,36.036407470703125
3020,0,30.324378967285156
3021,1,33.3741340637207
3022,0,35.22500228881836
3023,0,30.789419174194336
3024,4,33.25680923461914
3025,1,31.345029830932617
3026,1,36.03213882446289
3027,3,32.1977424621582
3028,1,30.511310577392578
3029,0,36.78291320800781
3030,2,29.580766677856445
3031,2,31.825780868530273
3032,3,41.308109283447266
3033,0,26.60551643371582
3034,3,32.81174850463867
3035,0,31.904401779174805
3036,2,31.214008331298828
3037,4,34.92976760864258
3038,4,32.05390167236328
3039,2,39.82204055786133
3040,0,40.242698669433594
3041,2,29.44289207458496
3042,4,29.392593383789062
3043,4,29.18708610534668
3044,0,37.33896255493164
3045,3,32.86316680908203
3046,1,33.07518768310547
3047,3,35.560054779052734
3048,1,32.447547912597656
3049,3,38.72011184692383
3050,1,33.63676071166992
3051,4,37.83294677734375
3052,4,34.178714752197266
3053,2,33.83603286743164
3054,2,35.51944351196289
3055,2,30.986839294433594
3056,3,31.68952178955078
3057,2,32.71475601196289
3058,2,29.380285263061523
3059,0,37.91166687011719
3060,2,37.391143798828125
3061,0,34.3039436340332
3062,3,33.0128288269043
3063,2,28.796083450317383
3064,1,32.98236846923828
3065,3,34.783653259277344
3066,1,35.54226303100586
3067,3,34.80211639404297
3068,0,33.52556610107422
3069,4,31.504608154296875
3070,1,33.393245697021484
3071,2,35.60782241821289
3072,4,36.55784606933594
3073,2,33.467010498046875
3074,1,30.551898956298828
3075,0,34.58712387084961
3076,4,39.59033966064453
3077,3,40.71125793457031
3078,3,32.781375885009766
3079,1,35.77907943725586
3080,2,35.277313232421875
3081,3,39.54673385620117
3082,2,35.77790069580078
3083,3,34.557533264160156
3084,4,30.078617095947266
3085,1,30.905860900878906
3086,3,31.775707244873047
3087,1,37.13033676147461
3088,2,34.09928512573242
3089,4,27.16164207458496
3090,4,33.419090270996094
3091,4,32.8036003112793
3092,1,34.89547348022461
3093,1,33.663055419921875
3094,4,29.82988929748535
3095,4,36.9695930480957
3096,1,32.899993896484375
3097,0,37.17640686035156
3098,0,33.912757873535156
3099,2,34.92958450317383
3100,3,31.17915153503418
3101,3,26.45940399169922
3102,0,33.59044647216797
3103,2,37.40126037597656
3104,3,34.71159744262695
3105,2,31.719959259033203
3106,3,34.360008239746094
3107,0,30.255512237548828
3108,1,30.64580535888672
3109,1,31.390377044677734
3110,4,34.495784759521484
3111,1,23.577369689941406
3112,2,32.125125885009766
3113,0,27.976533889770508
3114,2,33.10637664794922
3115,2,36.1923942565918
3116,3,33.55733871459961
3117,1,38.83990478515625
3118,4,30.443763732910156
3119,3,34.16787338256836
3120,4,37.69468688964844
3121,0,32.94668960571289
3122,3,32.94609069824219
3123,0,32.47629165649414
3124,0,36.213104248046875
3125,2,33.47773742675781
3126,1,34.61463165283203
3127,0,34.06420135498047
3128,1,33.04106140136719
3129,2,35.33299255371094
3130,4,32.32208251953125
3131,1,37.62867736816406
3132,3,30.19108772277832
3133,2,30.763309478759766
3134,4,35.08914566040039
3135,1,33.39256286621094
3136,3,28.83833122253418
3137,2,29.672945022583008
3138,0,35.373146057128906
3139,3,33.25101852416992
3140,3,31.162334442138672
3141,3,33.986995697021484
3142,3,34.71920394897461
3143,4,37.10688781738281
3144,1,31.694927215576172
3145,3,28.24246597290039
3146,1,37.85732650756836
3147,1,33.735652923583984
3148,0,24.908823013305664
3149,4,40.20704650878906
3150,4,31.225685119628906
3151,3,32.761016845703125
3152,3,28.689125061035156
3153,3,35.914764404296875
3154,2,34.86057662963867
3155,3,37.520267486572266
3156,1,30.23753547668457
3157,3,36.24762725830078
3158,2,38.328216552734375
3159,3,37.263694763183594
3160,4,34.49809646606445
3161,4,32.92392349243164
3162,0,31.238264083862305
3163,4,32.594627380371094
3164,1,30.47989845275879
3165,0,32.65830612182617
3166,2,34.46980285644531
3167,4,31.640588760375977
3168,1,31.442615509033203
3169,0,35.22639846801758
3170,0,36.42230224609375
3171,1,31.35757827758789
3172,4,35.185611724853516
3173,1,34.288944244384766
3174,3,35.30205154418945
3175,2,33.736263275146484
3176,2,33.90316390991211
3177,3,38.33122634887695
3178,0,28.79290199279785
3179,4,34.141483306884766
3180,4,32.30108642578125
3181,4,31.865581512451172
3182,2,28.796789169311523
3183,3,31.793100357055664
3184,4,29.599655151367188
3185,3,41.63636779785156
3186,4,32.32719039916992
3187,0,36.86885070800781
3188,2,35.43798828125
3189,4,36.96462631225586
3190,1,29.617210388183594
3191,3,35.369197845458984
3192,1,29.440277099609375
3193,3,30.779541015625
3194,1,32.19944381713867
3195,2,34.882728576660156
3196,2,37.86639404296875
3197,2,33.063636779785156
3198,1,28.589332580566406
3199,1,30.69521141052246
3200,3,35.28679656982422
3201,4,35.62374496459961
3202,4,32.0451774597168
3203,2,28.914615631103516
3204,4,38.4646110534668
3205,4,32.8563117980957
3206,0,32.83852767944336
3207,3,29.80077362060547
3208,1,35.6257209777832
3209,1,36.20899200439453
3210,1,33.625648498535156
3211,2,38.10441589355469
3212,1,37.069000244140625
3213,2,31.06561279296875
3214,4,33.59544372558594
3215,0,30.805334091186523
3216,0,28.89581871032715
3217,3,29.554676055908203
3218,0,30.229360580444336
3219,3,33.10007095336914
3220,4,34.313194274902344
3221,0,32.1307258605957
3222,0,28.963943481445312
3223,1,33.84485626220703
3224,1,33.64164352416992
3225,2,32.86672592163086
3226,2,35.86039352416992
3227,3,38.627891540527344
3228,0,31.35917854309082
3229,1,29.648897171020508
3230,0,35.3808479309082
3231,2,31.895309448242188
3232,2,32.69817352294922
3233,2,37.97547912597656
3234,3,28.09540557861328
3235,3,30.651782989501953
3236,1,34.38452911376953
3237,0,40.092201232910156
3238,3,32.061241149902344
3239,3,33.44277572631836
3240,3,30.513107299804688
3241,4,32.100013732910156
3242,1,35.09208679199219
3243,3,36.470069885253906
3244,0,32.248680114746094
3245,4,28.147720336914062
3246,2,30.41147232055664
3247,3,31.532400131225586
3248,4,31.39554786682129
3249,3,33.31428146362305
3250,2,31.845947265625
3251,3,33.894996643066406
3252,1,30.046085357666016
3253,2,32.52820587158203
3254,3,32.08173370361328
3255,3,33.45526123046875
3256,4,33.95448684692383
3257,4,31.17893409729004
3258,3,36.42190933227539
3259,2,34.150604248046875
3260,2,32.513343811035156
3261,0,33.6967658996582
3262,3,29.815393447875977
3263,1,40.297908782958984
3264,1,31.749387741088867
3265,2,33.67167282104492
3266,1,36.301570892333984
3267,1,33.64772033691406
3268,2,36.667015075683594
3269,3,32.81755065917969
3270,3,33.50896453857422
3271,2,32.44993209838867
3272,1,32.99756622314453
3273,0,32.72819519042969
3274,3,35.27412796020508
3275,3,40.70753479003906
3276,2,33.341495513916016
3277,3,36.81471633911133
3278,2,31.954421997070312
3279,4,32.11363983154297
3280,1,32.9361572265625
3281,1,31.8171329498291
3282,2,35.90472412109375
3283,2,33.11235046386719
3284,3,39.01252746582031
3285,3,31.763774871826172
3286,0,41.94193649291992
3287,4,36.086891174316406
3288,3,30.342384338378906
3289,1,32.72357177734375
3290,0,34.64307403564453
3291,4,30.535114288330078
3292,1,34.726524353027344
3293,4,35.04228973388672
3294,3,38.43902587890625
3295,3,31.379234313964844
3296,3,35.365074157714844
3297,0,33.96678161621094
3298,4,34.31013107299805
3299,4,34.781639099121094
3300,3,34.113826751708984
3301,3,34.06613540649414
3302,1,33.702884674072266
3303,0,32.613677978515625
3304,3,33.119876861572266
3305,4,26.664569854736328
3306,4,34.08913803100586
3307,0,38.75098419189453
3308,1,33.80610656738281
3309,0,32.166969299316406
3310,0,35.217140197753906
3311,1,32.02206039428711
3312,3,35.54024124145508
3313,0,32.00505828857422
3314,0,40.219871520996094
3315,1,33.09326171875
3316,1,28.775569915771484
3317,2,30.550172805786133
3318,4,33.17548751831055
3319,2,36.28594970703125
3320,0,32.065162658691406
3321,0,29.6875
3322,0,35.0468635559082
3323,2,31.516366958618164
3324,4,34.63663864135742
3325,4,36.394649505615234
3326,3,34.07353591918945
3327,3,34.91330337524414
3328,0,34.291603088378906
3329,2,31.490962982177734
3330,4,35.54228973388672
3331,2,32.375328063964844
3332,2,36.10503387451172
3333,3,34.32581329345703
3334,0,34.047950744628906
3335,0,32.18790054321289
3336,0,28.37640380859375
3337,2,35.68605422973633
3338,2,34.504356384277344
3339,4,30.406564712524414
3340,3,34.861995697021484
3341,1,32.42852783203125
3342,3,29.16744041442871
3343,4,34.79314041137695
3344,2,30.444061279296875
3345,2,35.81073760986328
3346,3,33.11241149902344
3347,0,35.08422088623047
3348,4,35.30020523071289
3349,2,32.96641540527344
3350,2,39.495357513427734
3351,1,34.8495979309082
3352,3,27.688514709472656
3353,0,34.18195724487305
3354,0,34.66941452026367
3355,0,30.39698600769043
3356,2,31.524913787841797
3357,3,29.278118133544922
3358,2,36.696990966796875
3359,4,30.900562286376953
3360,1,31.521663665771484
3361,3,30.907386779785156
3362,4,29.3614501953125
3363,0,32.633201599121094
3364,3,29.720735549926758
3365,0,32.8508186340332
3366,1,33.61164093017578
3367,4,31.409719467163086
3368,2,32.77473831176758
3369,1,32.108070373535156
3370,1,37.28641891479492
3371,1,33.11773681640625
3372,2,34.76583480834961
3373,3,33.01473617553711
3374,1,33.01886749267578
3375,3,34.57673645019531
3376,3,34.174705505371094
3377,1,31.229442596435547
3378,4,30.530702590942383
3379,3,35.82517623901367
3380,0,27.246475219726562
3381,3,33.511009216308594
3382,2,30.430057525634766
3383,0,33.5142936706543
3384,0,33.46273422241211
3385,1,34.41120529174805
3386,1,33.84872055053711
3387,4,38.9575080871582
3388,1,35.96293640136719
3389,0,34.324764251708984
3390,1,32.625980377197266
3391,3,31.39985466003418
3392,0,31.916622161865234
3393,4,31.67188262939453
3394,1,34.51933670043945
3395,2,27.705371856689453
3396,4,33.099609375
3397,2,35.933616638183594
3398,4,34.44321823120117
3399,3,27.21286392211914
3400,2,36.844520568847656
3401,4,27.384754180908203
3402,3,33.28303527832031
3403,3,30.95601463317871
3404,0,32.57099533081055
3405,0,34.401859283447266
3406,4,28.39115333557129
3407,3,32.79661560058594
3408,3,32.04890441894531
3409,0,35.656982421875
3410,1,33.86800765991211
3411,0,34.508277893066406
3412,0,29.557540893554688
3413,2,32.7632942199707
3414,3,33.258522033691406
3415,1,32.32866668701172
3416,2,33.506290435791016
3417,2,36.50209426879883
3418,4,34.72132873535156
3419,0,33.83002471923828
3420,3,35.0756950378418
3421,3,33.317928314208984
3422,1,33.89865493774414
3423,0,30.262283325195312
3424,4,30.9055233001709
3425,1,28.61960792541504
3426,3,30.26006317138672
3427,1,31.797143936157227
3428,3,31.303258895874023
3429,3,34.78837966918945
3430,4,30.618724822998047
3431,1,37.33344268798828
3432,0,30.989503860473633
3433,1,35.165889739990234
3434,4,31.177812576293945
3435,0,31.97328758239746
3436,4,30.058107376098633
3437,0,29.06011962890625
3438,0,36.70856475830078
3439,3,33.93635559082031
3440,0,32.41611099243164
3441,1,33.08246612548828
3442,0,36.404605865478516
3443,2,36.673702239990234
3444,1,32.2703857421875
3445,0,40.51244354248047
3446,4,34.86061477661133
3447,0,31.715288162231445
3448,0,33.183807373046875
3449,4,31.32867431640625
3450,3,33.51927185058594
3451,0,36.51374053955078
3452,2,32.058841705322266
3453,2,34.63490676879883
3454,3,32.65713882446289
3455,0,31.896833419799805
3456,1,35.230003356933594
3457,1,27.033859252929688
3458,1,31.09671401977539
3459,4,33.79833221435547
3460,4,28.878719329833984
3461,2,30.480709075927734
3462,4,33.23340606689453
3463,0,33.54521560668945
3464,3,35.442630767822266
3465,4,33.876686096191406
3466,0,38.14533615112305
3467,0,31.4999942779541
3468,2,35.87359619140625
3469,0,30.790843963623047
3470,2,34.359981536865234
3471,2,35.92936325073242
3472,0,37.60649871826172
3473,4,35.773582458496094
3474,2,34.63248062133789
3475,1,30.8258113861084
3476,4,24.31410026550293
3477,3,37.436763763427734
3478,3,32.81517028808594
3479,1,36.06456756591797
3480,0,32.71403884887695
3481,0,30.6492977142334
3482,4,36.342201232910156
3483,3,34.52954864501953
3484,4,34.77693557739258
3485,1,32.737552642822266
3486,4,32.56415939331055
3487,1,34.08366012573242
3488,3,36.198848724365234
3489,4,36.305702209472656
3490,2,32.545806884765625
3491,1,33.00190734863281
3492,4,36.449424743652344
3493,4,34.129276275634766
3494,0,35.814510345458984
3495,1,35.415199279785156
3496,1,35.99245071411133
3497,4,32.83320999145508
3498,1,32.25551986694336
3499,1,36.90167236328125
3500,0,37.03168487548828
3501,0,40.884178161621094
3502,4,34.94131851196289
3503,3,36.1472053527832
3504,1,33.77824020385742
3505,2,32.960472106933594
3506,1,31.276119232177734
3507,3,31.691631317138672
3508,1,31.7686710357666
3509,3,33.99207305908203
3510,4,29.886743545532227
3511,2,29.991363525390625
3512,2,33.55786895751953
3513,1,29.67140007019043
3514,0,27.552515029907227
3515,1,34.563297271728516
3516,4,38.067386627197266
3517,2,34.199703216552734
3518,1,32.90083312988281
3519,4,30.537376403808594
3520,4,31.71338653564453
3521,0,34.751670837402344
3522,3,31.46782875061035
3523,1,29.37433624267578
3524,4,29.531734466552734
3525,2,34.043304443359375
3526,0,32.86499786376953
3527,4,34.38014602661133
3528,3,34.17743682861328
3529,1,37.57089614868164
3530,3,28.400806427001953
3531,1,36.03036117553711
3532,1,35.11778259277344
3533,4,31.60643196105957
3534,3,35.57658386230469
3535,1,33.13566589355469
3536,3,33.98741912841797
3537,4,43.46027374267578
3538,3,32.139705657958984
3539,2,33.28736877441406
3540,0,35.0944709777832
3541,0,34.02473831176758
3542,3,34.38631820678711
3543,1,33.93366622924805
3544,2,30.58611488342285
3545,4,32.56730270385742
3546,3,33.60275650024414
3547,4,38.66937255859375
3548,1,31.439828872680664
3549,4,33.52743911743164
3550,4,29.28988265991211
3551,2,31.85097885131836
3552,4,28.36545753479004
3553,2,37.77603530883789
3554,3,26.088333129882812
3555,3,32.281307220458984
3556,0,33.16648864746094
3557,3,36.97893524169922
3558,1,33.901123046875
3559,4,35.260040283203125
3560,3,27.91506576538086
3561,3,34.84865951538086
3562,0,34.41209411621094
3563,1,29.067626953125
3564,4,28.602903366088867
3565,2,30.05802345275879
3566,3,34.05859375
3567,4,32.80583190917969
3568,4,30.420394897460938
3569,2,26.918306350708008
3570,2,30.697980880737305
3571,4,34.06047058105469
3572,1,34.118804931640625
3573,3,36.62761306762695
3574,2,38.65827941894531
3575,4,31.955238342285156
3576,0,37.9605827331543
3577,4,32.436439514160156
3578,1,35.03770446777344
3579,4,35.04937744140625
3580,3,32.150413513183594
3581,4,34.17646789550781
3582,2,34.644405364990234
3583,2,33.27534103393555
3584,1,33.041019439697266
3585,4,33.535160064697266
3586,4,31.001420974731445
3587,0,35.508636474609375
3588,2,33.69953918457031
3589,3,34.03348922729492
3590,0,33.10862350463867
3591,2,33.27339553833008
3592,0,34.81562042236328
3593,0,35.56124496459961
3594,1,31.451839447021484
3595,2,29.464733123779297
3596,0,34.300907135009766
3597,4,35.574188232421875
3598,4,36.31071472167969
3599,3,32.07551193237305
3600,1,33.37183380126953
3601,4,32.434871673583984
3602,1,33.166446685791016
3603,4,38.970298767089844
3604,2,31.855253219604492
3605,3,32.75278091430664
3606,4,32.48886489868164
3607,4,35.4028205871582
3608,0,31.89018440246582
3609,0,35.80166244506836
3610,3,30.77875328063965
3611,0,30.591129302978516
3612,1,35.21071243286133
3613,4,36.232154846191406
3614,2,28.952152252197266
3615,3,41.800899505615234
3616,3,30.33228302001953
3617,3,33.263397216796875
3618,2,33.28553009033203
3619,4,32.52865219116211
3620,4,36.264793395996094
3621,3,30.322492599487305
3622,4,32.05568313598633
3623,0,33.91859436035156
3624,2,32.64730453491211
3625,0,34.66458511352539
3626,1,41.1980094909668
3627,2,36.57900619506836
3628,3,37.648155212402344
3629,2,33.77994155883789
3630,1,35.46102523803711
3631,4,34.622005462646484
3632,2,38.87739944458008
3633,1,35.60375213623047
3634,3,37.6644172668457
3635,3,34.163429260253906
3636,2,33.5523567199707
3637,4,36.99195861816406
3638,2,30.719528198242188
3639,1,36.66227340698242
3640,3,32.38752365112305
3641,2,33.980857849121094
3642,1,27.54259490966797
3643,0,37.30414581298828
3644,2,36.271522521972656
3645,3,27.710796356201172
3646,3,38.911865234375
3647,0,30.74454689025879
3648,0,35.824180603027344
3649,1,34.17917251586914
3650,2,33.191917419433594
3651,2,33.91058349609375
3652,2,38.26736068725586
3653,1,37.57394790649414
3654,3,32.42189025878906
3655,3,30.61661148071289
3656,2,31.200849533081055
3657,4,31.1900577545166
3658,3,38.63972854614258
3659,0,32.084903717041016
3660,3,30.46495819091797
3661,4,35.7936897277832
3662,1,34.307498931884766
3663,0,29.722896575927734
3664,1,32.41252517700195
3665,3,34.835731506347656
3666,4,34.12884521484375
3667,0,36.11051559448242
3668,4,31.414196014404297
3669,2,35.272823333740234
3670,0,32.82135009765625
3671,0,31.48203468322754
3672,4,35.94952392578125
3673,0,33.370033264160156
3674,3,35.05281448364258
3675,2,34.663612365722656
3676,3,33.55980682373047
3677,0,35.40523147583008
3678,1,32.695125579833984
3679,3,35.39060592651367
3680,2,31.621965408325195
3681,2,29.4589786529541
3682,0,36.536128997802734
3683,2,33.18492126464844
3684,3,31.39008331298828
3685,0,36.70897674560547
3686,0,32.58035659790039
3687,1,30.378923416137695
3688,4,33.76904296875
3689,0,34.63601303100586
3690,0,34.07966232299805
3691,1,31.7161865234375
3692,3,26.728046417236328
3693,1,34.48339080810547
3694,0,31.19676399230957
3695,3,31.944393157958984
3696,3,34.36595153808594
3697,4,29.898494720458984
3698,2,34.1551399230957
3699,1,29.34737205505371
3700,2,37.75316619873047
3701,0,38.47371292114258
3702,3,34.78150177001953
3703,4,33.691410064697266
3704,0,36.520294189453125
3705,1,29.747718811035156
3706,4,29.367891311645508
3707,1,32.842567443847656
3708,3,32.32265090942383
3709,2,32.86283493041992
3710,2,27.43283462524414
3711,4,31.25836944580078
3712,4,32.20411682128906
3713,2,31.635438919067383
3714,2,31.47818374633789
3715,2,29.999187469482422
3716,1,36.07111358642578
3717,3,33.77680587768555
3718,3,30.822431564331055
3719,2,31.255077362060547
3720,4,35.07944869995117
3721,1,34.38901901245117
3722,2,34.4859619140625
3723,1,31.725311279296875
3724,1,30.51540756225586
3725,1,32.39610290527344
3726,1,31.34353256225586
3727,1,36.20561218261719
3728,0,31.903329849243164
3729,1,36.32123565673828
3730,3,32.10798645019531
3731,1,32.43429183959961
3732,1,28.08334732055664
3733,3,34.023677825927734
3734,3,38.61065673828125
3735,3,34.78081130981445
3736,0,35.91482162475586
3737,0,32.02595520019531
3738,0,33.42845916748047
3739,4,34.496337890625
3740,3,30.97659683227539
3741,0,34.958396911621094
3742,3,31.654830932617188
3743,0,33.809268951416016
3744,0,29.887910842895508
3745,3,33.0518798828125
3746,2,36.27165603637695
3747,0,33.670082092285156
3748,4,37.250606536865234
3749,3,34.2126350402832
3750,2,29.974205017089844
3751,4,29.842016220092773
3752,3,31.15738296508789
3753,1,30.596805572509766
3754,3,33.27540588378906
3755,0,29.915470123291016
3756,4,34.701148986816406
3757,2,33.70877456665039
3758,2,32.87193298339844
3759,4,30.635643005371094
3760,1,35.351322174072266
3761,3,29.7276554107666
3762,1,30.35384750366211
3763,0,28.85624122619629
3764,4,37.644874572753906
3765,3,37.25558090209961
3766,3,38.51292037963867
3767,1,31.648632049560547
3768,2,33.779014587402344
3769,1,33.40065002441406
3770,1,33.54047393798828
3771,1,29.622634887695312
3772,3,28.53250503540039
3773,3,32.332786560058594
3774,3,33.89491271972656
3775,3,28.038639068603516
3776,0,31.41566276550293
3777,3,33.18299102783203
3778,0,35.69789123535156
3779,2,41.986549377441406
3780,3,35.67850875854492
3781,1,30.353715896606445
3782,4,32.8148078918457
3783,1,31.45850372314453
3784,3,29.892704010009766
3785,1,33.98948669433594
3786,0,33.24300003051758
3787,1,31.01198959350586
3788,3,32.40471267700195
3789,2,33.07716369628906
3790,0,34.94599533081055
3791,4,34.51431655883789
3792,2,37.33916473388672
3793,1,34.14013671875
3794,4,32.68599319458008
3795,0,29.09442138671875
3796,0,34.5565185546875
3797,2,31.02177619934082
3798,4,30.058271408081055
3799,4,33.979793548583984
3800,3,33.0015869140625
3801,2,33.74618148803711
3802,2,30.924392700195312
3803,1,28.737186431884766
3804,0,34.277442932128906
3805,1,36.25464630126953
3806,1,34.78618621826172
3807,4,35.37633514404297
3808,4,34.776485443115234
3809,1,32.637508392333984
3810,0,31.8631534576416
3811,4,31.880992889404297
3812,2,37.474979400634766
3813,0,31.370601654052734
3814,3,35.25962829589844
3815,2,35.881343841552734
3816,4,34.56002426147461
3817,1,33.165794372558594
3818,3,32.4389762878418
3819,3,37.03434753417969
3820,0,33.67571258544922
3821,4,33.24469757080078
3822,2,33.21079635620117
3823,1,29.782655715942383
3824,0,38.75775909423828
3825,0,33.32209014892578
3826,2,33.80926513671875
3827,0,29.248083114624023
3828,2,35.04422378540039
3829,4,32.7099609375
3830,3,36.4241943359375
3831,1,36.83536911010742
3832,3,32.56736373901367
3833,0,35.77448654174805
3834,0,31.681108474731445
3835,4,32.769779205322266
3836,1,33.6907958984375
3837,1,34.57253646850586
3838,0,33.84526824951172
3839,3,32.6991081237793
3840,0,32.05936050415039
3841,3,33.50923156738281
3842,1,40.06657409667969
3843,1,33.0910758972168
3844,4,31.86562728881836
3845,3,32.06120300292969
3846,1,36.39680480957031
3847,3,31.268259048461914
3848,2,36.562435150146484
3849,1,31.765743255615234
3850,3,33.98448944091797
3851,4,36.87854766845703
3852,1,33.87289810180664
3853,1,32.08917236328125
3854,2,28.682159423828125
3855,4,31.60240364074707
3856,1,29.96540069580078
3857,0,30.80844497680664
3858,1,31.759151458740234
3859,2,39.88704299926758
3860,0,33.220767974853516
3861,0,31.50533103942871
3862,1,33.3499641418457
3863,4,33.07202911376953
3864,1,34.47434616088867
3865,0,34.594608306884766
3866,2,34.66473388671875
3867,2,34.512908935546875
3868,1,32.02767562866211
3869,2,31.964885711669922
3870,1,29.245386123657227
3871,0,35.66999816894531
3872,2,29.248220443725586
3873,3,32.26567459106445
3874,1,33.227638244628906
3875,4,35.012210845947266
3876,2,33.05243682861328
3877,3,33.05354309082031
3878,2,34.64611053466797
3879,3,36.747886657714844
3880,3,38.50518798828125
3881,2,32.231964111328125
3882,4,40.088340759277344
3883,2,32.44459915161133
3884,1,36.256492614746094
3885,0,39.617557525634766
3886,0,33.62273406982422
3887,0,31.3539981842041
3888,0,35.88426208496094
3889,1,35.84880828857422
3890,3,33.5740852355957
3891,1,35.6084098815918
3892,4,35.9242057800293
3893,2,34.661441802978516
3894,1,33.42787170410156
3895,0,31.632556915283203
3896,3,31.06357765197754
3897,0,31.892290115356445
3898,1,32.53165054321289
3899,4,34.918922424316406
3900,2,30.375150680541992
3901,4,34.806026458740234
3902,1,30.86945343017578
3903,4,39.966461181640625
3904,1,37.741302490234375
3905,2,35.2957649230957
3906,0,37.33357620239258
3907,4,34.61220932006836
3908,0,35.38675308227539
3909,2,31.513771057128906
3910,0,34.727840423583984
3911,0,31.621185302734375
3912,0,30.33156394958496
3913,4,33.22950744628906
3914,1,34.83738708496094
3915,3,33.62031555175781
3916,3,32.90589904785156
3917,4,32.669857025146484
3918,0,37.189735412597656
3919,4,32.5064582824707
3920,1,37.80810546875
3921,4,35.44133377075195
3922,0,36.36075973510742
3923,0,31.947612762451172
3924,2,29.623821258544922
3925,4,35.04641342163086
3926,4,32.70984649658203
3927,0,35.09151840209961
3928,4,36.748355865478516
3929,4,32.89043045043945
3930,1,32.921241760253906
3931,4,34.04888916015625
3932,2,29.67837142944336
3933,2,31.146753311157227
3934,1,35.03734588623047
3935,2,35.764713287353516
3936,0,31.822616577148438
3937,2,29.176362991333008
3938,2,35.44133758544922
3939,0,34.408058166503906
3940,3,35.55232620239258
3941,3,33.64026641845703
3942,2,31.570810317993164
3943,0,30.96190071105957
3944,0,33.97797393798828
3945,3,40.28289794921875
3946,1,33.139617919921875
3947,0,36.28497314453125
3948,1,35.96944046020508
3949,4,34.61082458496094
3950,4,32.19271469116211
3951,2,24.531984329223633
3952,1,32.74460983276367
3953,4,36.87797546386719
3954,3,38.45475769042969
3955,3,33.304752349853516
3956,0,37.78720474243164
3957,1,31.081945419311523
3958,2,31.513935089111328
3959,0,32.54469299316406
3960,4,32.44807815551758
3961,4,36.79096221923828
3962,0,34.11220169067383
3963,2,36.061588287353516
3964,3,34.43956756591797
3965,0,34.71100997924805
3966,1,35.0868034362793
3967,0,34.41950607299805
3968,0,34.91482925415039
3969,4,32.05452346801758
3970,0,32.691429138183594
3971,3,33.7399787902832
3972,1,31.360902786254883
3973,4,32.69847106933594
3974,3,34.51673889160156
3975,0,29.074562072753906
3976,1,34.878814697265625
3977,4,33.56237030029297
3978,0,31.035877227783203
3979,0,34.776493072509766
3980,3,36.84969711303711
3981,1,31.282939910888672
3982,1,32.49354553222656
3983,2,33.170654296875
3984,3,36.16259002685547
3985,2,33.572017669677734
3986,3,29.84705352783203
3987,0,34.93286895751953
3988,3,30.850454330444336
3989,0,34.007965087890625
3990,2,27.58481216430664
3991,0,34.13582229614258
3992,2,33.277278900146484
3993,1,30.93332290649414
3994,3,35.212223052978516
3995,2,39.52394104003906
3996,4,28.518587112426758
3997,3,34.802528381347656
3998,2,32.149173736572266
3999,1,32.08854675292969
4000,2,33.796669006347656
4001,3,33.565338134765625
4002,4,29.77149772644043
4003,1,35.0148811340332
4004,0,31.713375091552734
4005,3,38.40974807739258
4006,2,39.96879196166992
4007,3,35.45817947387695
4008,2,36.99341583251953
4009,4,32.09578323364258
4010,1,33.98579788208008
4011,1,34.626705169677734
4012,4,34.601837158203125
4013,2,32.919437408447266
4014,3,32.61656951904297
4015,2,33.715396881103516
4016,0,34.366756439208984
4017,1,30.15144157409668
4018,1,39.770751953125
4019,4,33.9426383972168
4020,4,31.03766441345215
4021,3,29.555320739746094
4022,4,37.452030181884766
4023,4,29.57909393310547
4024,1,32.040977478027344
4025,4,34.13142013549805
4026,4,34.214603424072266
4027,0,34.94839096069336
4028,0,28.61003303527832
4029,4,32.70761489868164
4030,2,35.203125
4031,3,35.99980163574219
4032,4,38.12605667114258
4033,1,36.04833221435547
4034,0,35.10304641723633
4035,3,36.470245361328125
4036,2,30.874237060546875
4037,4,31.625770568847656
4038,0,32.968563079833984
4039,3,33.69684600830078
4040,3,31.454727172851562
4041,4,32.41483688354492
4042,2,36.033992767333984
4043,1,34.563194274902344
4044,2,36.8721923828125
4045,2,36.08789825439453
4046,0,32.38887405395508
4047,3,34.7120475769043
4048,1,32.31344985961914
4049,4,36.53342819213867
4050,1,33.27627944946289
4051,1,36.998207092285156
4052,1,33.5709114074707
4053,1,33.87522888183594
4054,3,29.20781707763672
4055,1,30.188396453857422
4056,4,28.131404876708984
4057,2,32.875572204589844
4058,2,34.505393981933594
4059,0,36.04452133178711
4060,4,32.8063850402832
4061,2,31.9645938873291
4062,0,37.18216323852539
4063,2,31.190458297729492
4064,4,32.95759201049805
4065,3,31.663105010986328
4066,3,36.657718658447266
4067,3,33.85063171386719
4068,3,33.691802978515625
4069,4,33.1005859375
4070,0,38.80201721191406
4071,4,36.23549270629883
4072,1,33.241455078125
4073,2,30.953603744506836
4074,4,36.4798583984375
4075,4,38.624324798583984
4076,2,31.664825439453125
4077,0,33.87731170654297
4078,4,35.271366119384766
4079,0,33.36381149291992
4080,4,34.348411560058594
4081,1,29.918354034423828
4082,3,34.04801940917969
4083,2,34.14241027832031
4084,2,32.52374267578125
4085,3,33.44051742553711
4086,3,33.97927474975586
4087,0,29.764381408691406
4088,2,34.36368179321289
4089,4,30.57433319091797
4090,3,34.37372970581055
4091,1,31.74329376220703
4092,0,31.008562088012695
4093,4,28.318849563598633
4094,4,31.83435821533203
4095,3,32.96435546875
4096,3,32.1536979675293
4097,0,32.93717956542969
4098,2,35.50584030151367
4099,3,35.26753616333008
4100,4,33.12727737426758
4101,4,35.12483215332031
4102,1,34.26631164550781
4103,3,34.77971267700195
4104,2,33.31248474121094
4105,0,35.57218551635742
4106,2,34.639991760253906
4107,0,40.08150100708008
4108,3,38.4347038269043
4109,3,28.932601928710938
4110,3,33.41637420654297
4111,2,33.95975875854492
4112,0,33.61360549926758
4113,4,31.917503356933594
4114,4,31.125259399414062
4115,4,30.759624481201172
4116,3,35.27094268798828
4117,4,35.615928649902344
4118,4,34.12941360473633
4119,4,25.474214553833008
4120,1,36.48874282836914
4121,3,35.16411209106445
4122,4,30.950620651245117
4123,0,33.78728485107422
4124,0,32.92929458618164
4125,1,34.74433898925781
4126,4,32.401676177978516
4127,2,33.111778259277344
4128,0,31.61530876159668
4129,2,32.06021499633789
4130,1,35.646568298339844
4131,4,36.94475173950195
4132,1,34.67629623413086
4133,0,31.97730827331543
4134,4,31.237558364868164
4135,1,34.86373519897461
4136,3,31.981033325195312
4137,4,28.774234771728516
4138,4,41.4552001953125
4139,1,32.22898483276367
4140,2,37.18380355834961
4141,2,30.922286987304688
4142,0,35.47886657714844
4143,1,31.986099243164062
4144,3,34.346309661865234
4145,1,31.496721267700195
4146,3,33.87400817871094
4147,2,31.04950523376465
4148,3,30.682897567749023
4149,4,34.930198669433594
4150,0,35.11955642700195
4151,4,33.29436492919922
4152,2,31.506511688232422
4153,3,36.74998092651367
4154,3,29.73973846435547
4155,2,36.41005325317383
4156,4,33.89014434814453
4157,3,33.473323822021484
4158,4,37.59552001953125
4159,3,36.610618591308594
4160,1,34.4914436340332
4161,1,30.319095611572266
4162,2,35.676727294921875
4163,3,35.175411224365234
4164,3,28.555259704589844
4165,1,34.51620101928711
4166,0,35.22041702270508
4167,2,30.696449279785156
4168,4,30.781524658203125
4169,2,34.431697845458984
4170,1,31.73577880859375
4171,4,35.415653228759766
4172,2,35.25664520263672
4173,1,38.101768493652344
4174,3,32.52042007446289
4175,3,31.89803695678711
4176,0,32.04628372192383
4177,2,36.93235397338867
4178,3,35.44890213012695
4179,3,32.83772659301758
4180,1,30.459346771240234
4181,1,32.63508224487305
4182,2,32.330352783203125
4183,0,35.07670974731445
4184,2,32.549251556396484
4185,3,39.194358825683594
4186,4,32.336299896240234
4187,2,36.00468063354492
4188,2,33.49968719482422
4189,1,32.22343444824219
4190,4,30.442773818969727
4191,2,32.457115173339844
4192,0,33.92247009277344
4193,2,32.59869384765625
4194,3,37.95669937133789
4195,3,28.76846694946289
4196,3,33.27647399902344
4197,3,35.68722915649414
4198,2,34.781002044677734
4199,4,32.50901794433594
4200,2,37.86671447753906
4201,3,32.93631362915039
4202,3,28.049665451049805
4203,3,34.724090576171875
4204,2,29.66299057006836
4205,4,39.209129333496094
4206,1,29.780229568481445
4207,3,35.799007415771484
4208,1,39.93846893310547
4209,1,31.088838577270508
4210,2,31.068403244018555
4211,1,28.22853660583496
4212,1,35.95792770385742
4213,2,31.56818962097168
4214,1,35.15864562988281
4215,4,33.29837417602539
4216,4,32.64936065673828
4217,1,34.57219314575195
4218,4,32.74435043334961
4219,1,30.485736846923828
4220,4,31.608427047729492
4221,2,32.304019927978516
4222,1,30.568588256835938
4223,0,33.4035758972168
4224,0,33.41426467895508
4225,2,37.034671783447266
4226,0,35.99349594116211
4227,1,37.72049331665039
4228,4,29.894405364990234
4229,2,32.548160552978516
4230,1,29.883575439453125
4231,1,31.925817489624023
4232,2,31.653690338134766
4233,3,33.70338439941406
4234,3,37.89809799194336
4235,1,31.413114547729492
4236,0,37.41240692138672
4237,4,32.072486877441406
4238,1,30.743125915527344
4239,4,30.53807258605957
4240,4,36.64828109741211
4241,3,32.07338333129883
4242,1,33.43943786621094
4243,3,32.1131591796875
4244,2,35.28675842285156
4245,2,34.07534408569336
4246,2,34.75276184082031
4247,0,32.80586624145508
4248,0,31.766826629638672
4249,2,30.737319946289062
4250,1,31.161943435668945
4251,4,30.61184310913086
4252,2,39.83860778808594
4253,1,34.25794982910156
4254,4,30.988428115844727
4255,0,30.178010940551758
4256,3,35.63921356201172
4257,2,32.448848724365234
4258,1,32.258853912353516
4259,1,36.12744140625
4260,0,33.63513946533203
4261,3,33.7131462097168
4262,3,36.26647186279297
4263,2,31.861162185668945
4264,1,34.77863311767578
4265,4,35.875213623046875
4266,2,30.554527282714844
4267,2,35.52442169189453
4268,0,26.4376277923584
4269,0,35.9693717956543
4270,0,31.821191787719727
4271,4,29.852184295654297
4272,4,30.2855167388916
4273,3,32.38220977783203
4274,0,34.939395904541016
4275,4,30.46143341064453
4276,3,31.144824981689453
4277,4,33.818660736083984
4278,0,31.429916381835938
4279,3,35.69145584106445
4280,1,33.746639251708984
4281,3,33.47520065307617
4282,0,32.24423599243164
4283,4,34.78430938720703
4284,3,37.55247116088867
4285,4,36.50907516479492
4286,0,33.84869384765625
4287,2,37.935768127441406
4288,1,30.828603744506836
4289,0,30.49768829345703
4290,3,32.47584533691406
4291,0,34.91121292114258
4292,0,31.860366821289062
4293,4,32.99403381347656
4294,4,33.90848159790039
4295,3,37.8010139465332
4296,1,31.8060359954834
4297,0,31.89824867248535
4298,3,32.458072662353516
4299,1,35.55049133300781
4300,0,34.24629592895508
4301,1,30.259319305419922
4302,4,32.35901641845703
4303,2,34.32725143432617
4304,3,32.6123046875
4305,2,34.2137336730957
4306,2,28.291343688964844
4307,0,32.56431579589844
4308,2,35.7208251953125
4309,0,30.65928840637207
4310,4,26.309425354003906
4311,4,31.526607513427734
4312,4,28.851150512695312
4313,2,33.86517333984375
4314,0,35.845367431640625
4315,3,33.960933685302734
4316,1,36.74346923828125
4317,3,38.697139739990234
4318,0,29.061534881591797
4319,0,34.79048156738281
4320,3,28.263654708862305
4321,2,32.73590850830078
4322,4,37.09550857543945
4323,3,35.27922058105469
4324,0,32.635833740234375
4325,2,36.944881439208984
4326,3,31.67200469970703
4327,3,35.85306167602539
4328,4,33.7711181640625
4329,3,31.693395614624023
4330,1,37.45865249633789
4331,1,34.50918960571289
4332,0,31.605491638183594
4333,4,36.23404312133789
4334,4,33.75922393798828
4335,4,30.594566345214844
4336,1,31.62139129638672
4337,4,34.33500671386719
4338,1,35.04866027832031
4339,0,32.70302963256836
4340,1,30.189409255981445
4341,0,33.346153259277344
4342,1,28.057464599609375
4343,4,40.397216796875
4344,4,31.846471786499023
4345,4,31.55704116821289
4346,2,32.47628402709961
4347,2,31.13949966430664
4348,3,32.655975341796875
4349,2,36.761566162109375
4350,3,28.264570236206055
4351,0,38.33504867553711
4352,3,35.18547058105469
4353,2,33.54268264770508
4354,0,37.15732955932617
4355,2,38.267799377441406
4356,2,34.120243072509766
4357,1,33.930908203125
4358,2,32.565799713134766
4359,0,34.591087341308594
4360,0,37.6075325012207
4361,1,29.34674644470215
4362,3,36.2844123840332
4363,0,32.11867141723633
4364,2,32.9596061706543
4365,4,32.992820739746094
4366,4,31.834238052368164
4367,2,31.254858016967773
4368,3,33.379451751708984
4369,3,28.254846572875977
4370,0,34.828895568847656
4371,1,29.629215240478516
4372,3,40.65290069580078
4373,2,29.138957977294922
4374,0,29.612409591674805
4375,2,38.642356872558594
4376,1,43.1033821105957
4377,4,35.03715515136719
4378,4,34.18537521362305
4379,3,33.89684295654297
4380,0,32.59409713745117
4381,0,29.130455017089844
4382,3,36.472286224365234
4383,2,34.81578826904297
4384,4,30.845535278320312
4385,3,34.84788131713867
4386,4,37.70718002319336
4387,3,28.7689208984375
4388,1,36.68062210083008
4389,2,35.14619064331055
4390,3,34.2391471862793
4391,4,29.66591453552246
4392,2,35.6479377746582
4393,1,28.327898025512695
4394,3,36.778987884521484
4395,1,29.89235496520996
4396,2,35.04364776611328
4397,4,39.14091110229492
4398,3,28.4647159576416
4399,4,33.68235397338867
4400,1,33.91157531738281
4401,4,27.201148986816406
4402,2,30.01921844482422
4403,3,31.433544158935547
4404,1,27.431324005126953
4405,3,31.08926773071289
4406,4,32.85814666748047
4407,1,32.91189956665039
4408,4,30.040767669677734
4409,4,31.488121032714844
4410,0,35.412288665771484
4411,1,28.053327560424805
4412,0,39.164222717285156
4413,4,32.27260971069336
4414,3,33.1004638671875
4415,1,30.829116821289062
4416,4,35.339820861816406
4417,2,35.09375762939453
4418,3,28.811914443969727
4419,1,33.35274887084961
4420,4,31.762296676635742
4421,2,35.53021240234375
4422,3,29.509672164916992
4423,2,32.61503219604492
4424,4,31.81871795654297
4425,0,35.090370178222656
4426,1,30.51353645324707
4427,2,30.986431121826172
4428,4,32.7774543762207
4429,3,34.6231803894043
4430,3,33.8819694519043
4431,1,33.84735107421875
4432,0,31.120624542236328
4433,0,36.01755142211914
4434,3,36.521766662597656
4435,3,33.1553840637207
4436,2,35.154869079589844
4437,0,30.7315616607666
4438,2,33.024261474609375
4439,1,36.56311798095703
4440,0,37.8862190246582
4441,4,30.9412841796875
4442,3,31.923690795898438
4443,1,27.311016082763672
4444,0,30.88490104675293
4445,4,38.493812561035156
4446,2,32.792396545410156
4447,4,38.68415069580078
4448,1,33.50286865234375
4449,4,32.81791687011719
4450,1,30.100419998168945
4451,2,31.779647827148438
4452,0,31.872150421142578
4453,3,31.739974975585938
4454,4,35.023128509521484
4455,1,34.38652420043945
4456,4,33.72346115112305
4457,1,33.63973617553711
4458,3,34.65192794799805
4459,0,37.67416000366211
4460,1,37.80168914794922
4461,4,30.431074142456055
4462,4,36.17816162109375
4463,0,29.868528366088867
4464,1,33.29115676879883
4465,2,33.70814895629883
4466,2,32.00518798828125
4467,3,34.08982467651367
4468,4,30.84559440612793
4469,4,37.386985778808594
4470,2,33.998958587646484
4471,2,31.31452178955078
4472,3,31.50676727294922
4473,2,34.535335540771484
4474,3,30.34823226928711
4475,3,29.47797203063965
4476,2,29.342287063598633
4477,3,29.08858871459961
4478,4,31.241809844970703
4479,4,33.38176727294922
4480,4,32.352020263671875
4481,2,36.035072326660156
4482,0,35.767356872558594
4483,2,35.05653381347656
4484,2,32.364933013916016
4485,2,33.19422912597656
4486,0,33.7638053894043
4487,2,31.787174224853516
4488,4,31.019710540771484
4489,1,34.6489372253418
4490,0,32.62309265136719
4491,4,33.533023834228516
4492,4,33.405025482177734
4493,3,33.900054931640625
4494,1,32.509849548339844
4495,4,32.578514099121094
4496,2,40.30577087402344
4497,1,31.025144577026367
4498,0,35.88854217529297
4499,4,33.982460021972656
4500,1,38.861717224121094
4501,3,37.75979995727539
4502,3,25.554073333740234
4503,1,35.586299896240234
4504,0,34.375972747802734
4505,1,38.766868591308594
4506,4,36.600040435791016
4507,3,36.14619827270508
4508,2,36.06320571899414
4509,1,36.37223815917969
4510,2,31.10198402404785
4511,2,34.13236618041992
4512,3,35.547996520996094
4513,2,34.85636901855469
4514,3,28.624305725097656
4515,0,31.463783264160156
4516,4,31.695354461669922
4517,2,29.846324920654297
4518,1,32.9356803894043
4519,4,34.5186653137207
4520,2,28.31100845336914
4521,4,31.183429718017578
4522,4,33.96841049194336
4523,3,28.859966278076172
4524,4,35.33976745605469
4525,1,33.48542022705078
4526,1,31.893360137939453
4527,3,30.747791290283203
4528,2,32.81405258178711
4529,4,36.80089569091797
4530,4,41.579612731933594
4531,2,31.03960418701172
4532,4,32.90410232543945
4533,3,30.360248565673828
4534,2,32.74422836303711
4535,2,31.307554244995117
4536,2,34.769771575927734
4537,1,33.73235321044922
4538,1,31.835895538330078
4539,0,33.71946334838867
4540,2,38.152061462402344
4541,3,30.2805118560791
4542,2,35.58251190185547
4543,1,30.250125885009766
4544,3,32.884342193603516
4545,0,39.643558502197266
4546,4,33.66364669799805
4547,0,41.583961486816406
4548,0,35.895877838134766
4549,1,34.061710357666016
4550,2,36.6629753112793
4551,3,33.355735778808594
4552,4,35.14276123046875
4553,3,35.972900390625
4554,0,34.465999603271484
4555,4,39.760738372802734
4556,1,30.702491760253906
4557,4,31.33254051208496
4558,2,27.709484100341797
4559,0,36.6369514465332
4560,4,35.43827438354492
4561,4,32.83243942260742
4562,4,32.156612396240234
4563,2,31.586042404174805
4564,4,33.48652648925781
4565,0,27.732736587524414
4566,2,36.155513763427734
4567,4,30.264028549194336
4568,1,31.429794311523438
4569,4,29.414363861083984
4570,4,38.3302001953125
4571,1,32.827728271484375
4572,2,38.23453903198242
4573,1,32.42401885986328
4574,3,38.54473876953125
4575,1,38.329139709472656
4576,0,34.0400276184082
4577,2,34.848567962646484
4578,3,29.792848587036133
4579,3,38.312644958496094
4580,0,32.615169525146484
4581,3,34.69982147216797
4582,4,36.953147888183594
4583,4,31.1279296875
4584,4,32.91456604003906
4585,4,34.35725402832031
4586,0,30.73519515991211
4587,0,32.54561233520508
4588,2,33.04617691040039
4589,3,32.149078369140625
4590,2,35.59421157836914
4591,2,35.29129409790039
4592,2,32.07168960571289
4593,2,29.076034545898438
4594,1,33.476776123046875
4595,4,30.44183921813965
4596,2,34.08024597167969
4597,0,33.27757263183594
4598,3,36.68384552001953
4599,4,33.238319396972656
4600,2,31.672264099121094
4601,1,34.61409378051758
4602,4,36.96343231201172
4603,4,31.87947654724121
4604,2,36.813995361328125
4605,4,32.62661361694336
4606,3,32.86803436279297
4607,2,35.216712951660156
4608,3,29.974281311035156
4609,1,32.67460632324219
4610,2,36.97957229614258
4611,3,29.97109603881836
4612,1,31.147018432617188
4613,0,35.572696685791016
4614,2,31.5526180267334
4615,0,30.916812896728516
4616,0,35.51105880737305
4617,0,36.0311164855957
4618,4,33.490848541259766
4619,0,35.71096420288086
4620,4,33.30326843261719
4621,2,32.41307830810547
4622,3,37.16101837158203
4623,4,34.337242126464844
4624,1,33.82276153564453
4625,4,27.737533569335938
4626,2,33.23282241821289
4627,4,29.28607177734375
4628,1,36.4152717590332
4629,1,32.289852142333984
4630,0,36.170806884765625
4631,2,31.241914749145508
4632,3,35.425533294677734
4633,0,31.815359115600586
4634,0,33.154075622558594
4635,3,31.252580642700195
4636,3,29.849485397338867
4637,1,39.965415954589844
4638,3,31.655847549438477
4639,2,32.94365310668945
4640,2,33.141883850097656
4641,1,39.98455810546875
4642,2,34.4965934753418
4643,2,37.346439361572266
4644,1,31.86487579345703
4645,3,32.24406814575195
4646,4,38.880210876464844
4647,1,32.44527053833008
4648,0,33.58642578125
4649,2,33.78413009643555
4650,2,32.02681350708008
4651,3,35.6168327331543
4652,1,41.15040969848633
4653,2,28.726152420043945
4654,2,30.468582153320312
4655,0,32.577335357666016
4656,4,32.64839172363281
4657,3,32.66849899291992
4658,3,28.54715347290039
4659,4,33.15477752685547
4660,1,31.933942794799805
4661,3,35.11336135864258
4662,1,32.2889518737793
4663,1,33.37248992919922
4664,4,32.45024108886719
4665,0,29.593366622924805
4666,0,33.28026580810547
4667,4,35.81636428833008
4668,3,29.947444915771484
4669,2,31.3500919342041
4670,0,36.22214126586914
4671,4,34.925697326660156
4672,4,38.31182098388672
4673,1,26.889812469482422
4674,0,32.877220153808594
4675,2,30.84690284729004
4676,3,30.633970260620117
4677,3,33.35014724731445
4678,4,33.46073532104492
4679,1,37.608375549316406
4680,2,32.85715103149414
4681,0,30.613204956054688
4682,2,36.35997772216797
4683,0,30.577219009399414
4684,3,36.899723052978516
4685,1,31.707195281982422
4686,4,30.628971099853516
4687,4,31.243976593017578
4688,4,35.60438537597656
4689,2,35.77147674560547
4690,2,33.54761505126953
4691,0,36.777584075927734
4692,3,33.049049377441406
4693,4,35.95452117919922
4694,2,33.03679656982422
4695,2,37.50868225097656
4696,0,31.009214401245117
4697,3,34.848106384277344
4698,0,34.59782791137695
4699,4,36.23261642456055
4700,2,31.98549461364746
4701,2,31.980440139770508
4702,3,34.3339729309082
4703,1,33.8145637512207
4704,3,34.52907180786133
4705,2,30.62993621826172
4706,4,33.708030700683594
4707,2,36.323768615722656
4708,3,30.850505828857422
4709,0,30.515125274658203
4710,3,32.624603271484375
4711,4,31.047657012939453
4712,4,30.91748046875
4713,3,35.006221771240234
4714,4,28.75618553161621
4715,4,35.446109771728516
4716,3,40.60825729370117
4717,1,35.10674285888672
4718,1,31.717851638793945
4719,1,33.845130920410156
4720,1,31.846317291259766
4721,0,35.71171188354492
4722,4,32.9664306640625
4723,0,28.26740074157715
4724,2,32.27032470703125
4725,1,35.140586853027344
4726,2,29.39743423461914
4727,0,34.93435287475586
4728,1,30.933765411376953
4729,3,31.43073844909668
4730,2,32.26920700073242
4731,3,35.854557037353516
4732,3,33.891624450683594
4733,1,35.55562973022461
4734,4,35.18791961669922
4735,2,31.977821350097656
4736,3,33.7439079284668
4737,0,38.82243728637695
4738,4,32.53472137451172
4739,0,37.12519836425781
4740,1,38.46310806274414
4741,1,31.482824325561523
4742,1,29.33451271057129
4743,4,38.39042282104492
4744,3,33.86148452758789
4745,2,33.7448844909668
4746,0,29.463247299194336
4747,2,42.23513412475586
4748,1,33.212337493896484
4749,2,35.636653900146484
4750,4,33.076351165771484
4751,4,32.04715347290039
4752,4,29.751300811767578
4753,1,31.766298294067383
4754,4,33.6681022644043
4755,1,32.58232498168945
4756,3,35.88050079345703
4757,0,30.32485580444336
4758,4,33.92417526245117
4759,3,27.91217803955078
4760,0,29.6601619720459
4761,2,38.78776550292969
4762,0,31.26285743713379
4763,1,27.5047664642334
4764,2,34.03052520751953
4765,1,32.839839935302734
4766,3,27.447378158569336
4767,2,33.47130584716797
4768,3,29.946956634521484
4769,2,32.66667175292969
4770,3,28.784677505493164
4771,0,36.89242935180664
4772,2,28.9329891204834
4773,2,32.27849578857422
4774,4,33.72245788574219
4775,3,35.01885986328125
4776,2,33.38602066040039
4777,4,30.078433990478516
4778,1,31.29060935974121
4779,0,35.77934265136719
4780,1,30.24193000793457
4781,2,40.634002685546875
4782,2,33.63941192626953
4783,4,30.13535499572754
4784,0,28.323429107666016
4785,1,34.68498229980469
4786,1,30.761655807495117
4787,4,37.54015350341797
4788,3,31.891008377075195
4789,3,30.588254928588867
4790,1,37.238651275634766
4791,1,33.090641021728516
4792,3,32.300453186035156
4793,4,31.847944259643555
4794,0,31.466171264648438
4795,3,35.25437545776367
4796,1,32.78533935546875
4797,3,38.097686767578125
4798,2,32.38279724121094
4799,3,30.88422393798828
4800,2,28.626432418823242
4801,0,31.504026412963867
4802,1,31.203990936279297
4803,1,31.894489288330078
4804,2,32.86589813232422
4805,2,31.802017211914062
4806,3,37.16394805908203
4807,4,30.84429168701172
4808,3,34.03244400024414
4809,0,32.07920455932617
4810,4,35.33794403076172
4811,3,34.40127944946289
4812,4,35.01403045654297
4813,4,35.38368225097656
4814,4,33.690093994140625
4815,1,33.56143569946289
4816,2,32.820247650146484
4817,3,32.04927062988281
4818,2,30.43610382080078
4819,4,30.477746963500977
4820,2,32.49516296386719
4821,2,32.01274108886719
4822,2,35.00190734863281
4823,4,32.70751190185547
4824,4,35.104915618896484
4825,4,31.396257400512695
4826,0,34.42715072631836
4827,3,34.487892150878906
4828,4,31.75264549255371
4829,3,34.014041900634766
4830,0,31.030855178833008
4831,4,35.20893478393555
4832,0,31.734800338745117
4833,4,32.921329498291016
4834,3,35.13840866088867
4835,2,35.65560531616211
4836,3,32.42233657836914
4837,2,29.701873779296875
4838,0,30.642730712890625
4839,2,40.77378845214844
4840,4,39.225215911865234
4841,4,30.706748962402344
4842,3,32.25400161743164
4843,2,33.47074508666992
4844,4,40.96893310546875
4845,4,32.44499969482422
4846,1,31.321191787719727
4847,0,34.78902816772461
4848,0,35.23276901245117
4849,1,33.94033432006836
4850,0,34.66020965576172
4851,4,30.789989471435547
4852,2,37.012081146240234
4853,0,40.221004486083984
4854,2,33.50877380371094
4855,4,34.316104888916016
4856,4,33.40478515625
4857,0,30.54393196105957
4858,3,32.0511474609375
4859,3,35.036624908447266
4860,3,34.99972152709961
4861,4,30.556011199951172
4862,3,33.30486297607422
4863,4,31.35745620727539
4864,1,35.36480712890625
4865,1,42.66284942626953
4866,4,30.049129486083984
4867,1,33.730491638183594
4868,1,34.74802780151367
4869,1,30.038066864013672
4870,3,29.18359375
4871,0,32.07179641723633
4872,4,32.75351333618164
4873,4,36.347171783447266
4874,2,32.277259826660156
4875,4,33.389408111572266
4876,3,39.568206787109375
4877,0,31.694143295288086
4878,2,32.083553314208984
4879,0,35.011695861816406
4880,1,29.290878295898438
4881,2,33.7392692565918
4882,3,32.51980972290039
4883,0,36.71411895751953
4884,1,30.265464782714844
4885,2,34.53448486328125
4886,1,31.304744720458984
4887,4,32.00227737426758
4888,1,30.486595153808594
4889,2,33.912166595458984
4890,4,35.76365661621094
4891,1,38.52375793457031
4892,0,31.915077209472656
4893,4,35.22936248779297
4894,0,38.077911376953125
4895,1,31.81270980834961
4896,3,33.08369445800781
4897,1,30.1547794342041
4898,0,29.925203323364258
4899,0,32.55508804321289
4900,4,33.27137756347656
4901,1,31.08119010925293
4902,2,31.213176727294922
4903,0,37.16331100463867
4904,4,33.592105865478516
4905,0,35.55547332763672
4906,3,37.97059631347656
4907,2,32.82796859741211
4908,1,34.224693298339844
4909,4,27.217546463012695
4910,3,36.04047775268555
4911,1,39.012962341308594
4912,2,33.43439865112305
4913,0,37.477569580078125
4914,0,31.12320327758789
4915,1,38.336692810058594
4916,3,33.99406051635742
4917,3,36.21175765991211
4918,0,33.915042877197266
4919,2,31.87303924560547
4920,2,32.93303680419922
4921,0,32.8228874206543
4922,0,30.589693069458008
4923,2,32.966732025146484
4924,4,32.96907424926758
4925,0,32.14775466918945
4926,3,35.39091873168945
4927,1,35.37101745605469
4928,2,34.067935943603516
4929,1,34.91767120361328
4930,2,33.57238006591797
4931,4,31.90689468383789
4932,1,34.59571075439453
4933,4,30.272167205810547
4934,4,31.018701553344727
4935,2,33.14945983886719
4936,2,32.77421569824219
4937,3,36.44295883178711
4938,3,33.4365234375
4939,4,34.05316162109375
4940,3,28.069671630859375
4941,1,34.390403747558594
4942,4,33.31245040893555
4943,3,30.4952449798584
4944,2,33.61140060424805
4945,3,28.234296798706055
4946,4,29.01505470275879
4947,2,36.75931930541992
4948,3,29.136642456054688
4949,0,35.2274055480957
4950,2,34.9052848815918
4951,1,34.50889587402344
4952,2,30.57965850830078
4953,4,33.428829193115234
4954,0,28.363147735595703
4955,3,30.05794906616211
4956,1,35.47177505493164
4957,2,33.93696975708008
4958,1,34.26045608520508
4959,1,33.13136672973633
4960,0,30.613332748413086
4961,1,34.14975357055664
4962,1,29.458337783813477
4963,4,30.4389591217041
4964,2,33.28431701660156
4965,2,36.138423919677734
4966,3,42.61077880859375
4967,1,34.198970794677734
4968,0,33.273475646972656
4969,3,33.19370651245117
4970,0,35.58456039428711
4971,0,31.889524459838867
4972,4,33.15739822387695
4973,4,33.64862823486328
4974,4,33.26130676269531
4975,1,33.983985900878906
4976,4,29.718547821044922
4977,4,30.573009490966797
4978,1,37.109825134277344
4979,2,33.029354095458984
4980,3,29.989524841308594
4981,3,29.399112701416016
4982,0,33.93207931518555
4983,3,33.70817947387695
4984,4,30.824581146240234
4985,0,34.87662124633789
4986,1,33.34976577758789
4987,3,34.53219223022461
4988,3,32.6887092590332
4989,3,32.835262298583984
4990,4,31.40839385986328
4991,4,41.79331970214844
4992,1,33.042911529541016
4993,3,31.40932273864746
4994,1,30.80228614807129
4995,2,31.224002838134766
4996,3,30.077930450439453
4997,2,32.09988021850586
4998,3,35.376644134521484
4999,4,32.02481460571289
